Instance,Runtime,Optimal_Lambda,Lambdas,Objective_Values
1,0.0,3.0739910095631214e-07,"[0, 0.08058282992109149, 0.040291414960545745, 0.020145707480272872, 0.010072853740136436, 0.005036426870068218, 0.002518213435034109, 0.0012591067175170545, 0.0006295533587585273, 0.00031477667937926363, 0.00015738833968963182, 7.869416984481591e-05, 3.9347084922407954e-05, 1.9673542461203977e-05, 9.836771230601988e-06, 4.918385615300994e-06, 2.459192807650497e-06, 1.2295964038252486e-06, 6.147982019126243e-07, 6.147982019126243e-07]","[0.6198641481852656, 0.6493806854653031, 0.6346224168252843, 0.627243282505275, 0.6235537153452702, 0.6217089317652679, 0.6207865399752667, 0.6203253440802661, 0.6200947461327658, 0.6199794471590157, 0.6199217976721406, 0.619892972928703, 0.6198785605569842, 0.6198713543711248, 0.6198677512781952, 0.6198659497317304, 0.619865048958498, 0.6198645985718818, 0.6198643733785736, 0.6198643733785736]"
2,0.0,3.474070975896125e-07,"[0, 0.09107068619053138, 0.04553534309526569, 0.022767671547632845, 0.011383835773816423, 0.005691917886908211, 0.0028459589434541056, 0.0014229794717270528, 0.0007114897358635264, 0.0003557448679317632, 0.0001778724339658816, 8.89362169829408e-05, 4.44681084914704e-05, 2.22340542457352e-05, 1.11170271228676e-05, 5.5585135614338e-06, 2.7792567807169e-06, 1.38962839035845e-06, 6.94814195179225e-07, 6.94814195179225e-07]","[0.665778022248497, 0.7637495581112237, 0.7147637901798604, 0.6902709062141787, 0.6780244642313378, 0.6719012432399174, 0.6688396327442072, 0.6673088274963521, 0.6665434248724246, 0.6661607235604609, 0.6659693729044789, 0.665873697576488, 0.6658258599124925, 0.6658019410804947, 0.6657899816644959, 0.6657840019564965, 0.6657810121024968, 0.6657795171754969, 0.6657787697119969, 0.6657787697119969]"
3,0.0,3.10026844573782e-07,"[0, 0.0812716771439495, 0.04063583857197475, 0.020317919285987376, 0.010158959642993688, 0.005079479821496844, 0.002539739910748422, 0.001269869955374211, 0.0006349349776871055, 0.00031746748884355276, 0.00015873374442177638, 7.936687221088819e-05, 3.9683436105444095e-05, 1.9841718052722047e-05, 9.920859026361024e-06, 4.960429513180512e-06, 2.480214756590256e-06, 1.240107378295128e-06, 6.20053689147564e-07, 6.20053689147564e-07]","[0.6339946629735003, 0.6788573850468191, 0.6564260240101597, 0.6452103434918299, 0.6396025032326651, 0.6367985831030827, 0.6353966230382915, 0.6346956430058959, 0.6343451529896982, 0.6341699079815992, 0.6340822854775497, 0.6340384742255251, 0.6340165685995126, 0.6340056157865065, 0.6340001393800033, 0.6339974011767519, 0.6339960320751261, 0.6339953475243132, 0.6339950052489067, 0.6339950052489067]"
4,0.0,2.956585531551168e-07,"[0, 0.07750511575829494, 0.03875255787914747, 0.019376278939573735, 0.009688139469786868, 0.004844069734893434, 0.002422034867446717, 0.0012110174337233584, 0.0006055087168616792, 0.0003027543584308396, 0.0001513771792154198, 7.56885896077099e-05, 3.784429480385495e-05, 1.8922147401927476e-05, 9.461073700963738e-06, 4.730536850481869e-06, 2.3652684252409345e-06, 1.1826342126204672e-06, 5.913171063102336e-07, 5.913171063102336e-07]","[0.5381948907172824, 0.610146748914394, 0.5590649984285795, 0.5455159237605692, 0.5418554072389258, 0.5400251489781042, 0.5391100198476934, 0.5386524552824878, 0.5384236729998851, 0.5383092818585838, 0.5382520862879332, 0.5382234885026078, 0.5382091896099451, 0.5382020401636138, 0.5381984654404481, 0.5381966780788653, 0.5381957843980738, 0.5381953375576781, 0.5381951141374803, 0.5381951141374803]"
5,0.0,3.6230639245622937e-07,"[0, 0.09497644694404579, 0.047488223472022896, 0.023744111736011448, 0.011872055868005724, 0.005936027934002862, 0.002968013967001431, 0.0014840069835007155, 0.0007420034917503578, 0.0003710017458751789, 0.00018550087293758944, 9.275043646879472e-05, 4.637521823439736e-05, 2.318760911719868e-05, 1.159380455859934e-05, 5.79690227929967e-06, 2.898451139649835e-06, 1.4492255698249175e-06, 7.246127849124587e-07, 7.246127849124587e-07]","[0.7980489581846234, 0.8266088451061453, 0.8123289016453843, 0.8051889299150039, 0.8016189440498136, 0.7998339511172186, 0.798941454650921, 0.7984952064177722, 0.7982720823011978, 0.7981605202429106, 0.798104739213767, 0.7980768486991952, 0.7980629034419093, 0.7980559308132664, 0.7980524444989449, 0.7980507013417841, 0.7980498297632039, 0.7980493939739136, 0.7980491760792685, 0.7980491760792685]"
6,0.0,3.523923607898321e-07,"[0, 0.09237754302688975, 0.04618877151344487, 0.023094385756722437, 0.011547192878361218, 0.005773596439180609, 0.0028867982195903046, 0.0014433991097951523, 0.0007216995548975761, 0.0003608497774487881, 0.00018042488872439404, 9.021244436219702e-05, 4.510622218109851e-05, 2.2553111090549255e-05, 1.1276555545274627e-05, 5.638277772637314e-06, 2.819138886318657e-06, 1.4095694431593284e-06, 7.047847215796642e-07, 7.047847215796642e-07]","[0.7597182927148285, 0.7862264879621237, 0.772972390338476, 0.7663453415266521, 0.7630318171207404, 0.7613750549177845, 0.7605466738163065, 0.7601324832655674, 0.7599253879901978, 0.7598218403525132, 0.7597700665336709, 0.7597441796242496, 0.759731236169539, 0.7597247644421836, 0.759721528578506, 0.7597199106466672, 0.7597191016807479, 0.7597186971977882, 0.7597184949563083, 0.7597184949563083]"
7,0.0,3.2758055067704133e-07,"[0, 0.08587327587668232, 0.04293663793834116, 0.02146831896917058, 0.01073415948458529, 0.005367079742292645, 0.0026835398711463226, 0.0013417699355731613, 0.0006708849677865806, 0.0003354424838932903, 0.00016772124194664516, 8.386062097332258e-05, 4.193031048666129e-05, 2.0965155243330645e-05, 1.0482577621665323e-05, 5.241288810832661e-06, 2.6206444054163307e-06, 1.3103222027081653e-06, 6.551611013540827e-07, 6.551611013540827e-07]","[0.6923272582228941, 0.7227220223961988, 0.7075246403095465, 0.6999259492662203, 0.6961266037445573, 0.6942269309837257, 0.6932770946033099, 0.6928021764131022, 0.6925647173179981, 0.6924459877704461, 0.6923866229966702, 0.6923569406097821, 0.6923420994163382, 0.6923346788196163, 0.6923309685212551, 0.6923291133720746, 0.6923281857974845, 0.6923277220101893, 0.6923274901165418, 0.6923274901165418]"
8,0.0,3.488820443273639e-07,"[0, 0.09145733462815248, 0.04572866731407624, 0.02286433365703812, 0.01143216682851906, 0.00571608341425953, 0.002858041707129765, 0.0014290208535648824, 0.0007145104267824412, 0.0003572552133912206, 0.0001786276066956103, 8.931380334780515e-05, 4.4656901673902576e-05, 2.2328450836951288e-05, 1.1164225418475644e-05, 5.582112709237822e-06, 2.791056354618911e-06, 1.3955281773094555e-06, 6.977640886547278e-07, 6.977640886547278e-07]","[0.7239474548707281, 0.7527233977702441, 0.7383354263204861, 0.7311414405956072, 0.7275444477331676, 0.7257459513019479, 0.7248467030863379, 0.724397078978533, 0.7241722669246304, 0.7240598608976793, 0.7240036578842037, 0.7239755563774659, 0.723961505624097, 0.7239544802474125, 0.7239509675590703, 0.7239492112148992, 0.7239483330428136, 0.7239478939567708, 0.7239476744137494, 0.7239476744137494]"
9,0.0,3.32464076347796e-07,"[0, 0.08715346283011663, 0.043576731415058315, 0.021788365707529157, 0.010894182853764579, 0.005447091426882289, 0.0027235457134411447, 0.0013617728567205723, 0.0006808864283602862, 0.0003404432141801431, 0.00017022160709007154, 8.511080354503577e-05, 4.2555401772517885e-05, 2.1277700886258943e-05, 1.0638850443129471e-05, 5.319425221564736e-06, 2.659712610782368e-06, 1.329856305391184e-06, 6.64928152695592e-07, 6.64928152695592e-07]","[0.6082532031399059, 0.6688818734236994, 0.6343570069719522, 0.6170945737460787, 0.6099992296784251, 0.6091262164091656, 0.6086897097745357, 0.6084714564572209, 0.6083623297985635, 0.6083077664692347, 0.6082804848045704, 0.6082668439722382, 0.6082600235560721, 0.608256613347989, 0.6082549082439475, 0.6082540556919268, 0.6082536294159163, 0.6082534162779112, 0.6082533097089086, 0.6082533097089086]"
10,0.0,3.315739167528683e-07,"[0, 0.08692011283326391, 0.043460056416631955, 0.021730028208315978, 0.010865014104157989, 0.005432507052078994, 0.002716253526039497, 0.0013581267630197486, 0.0006790633815098743, 0.00033953169075493715, 0.00016976584537746857, 8.488292268873429e-05, 4.2441461344367144e-05, 2.1220730672183572e-05, 1.0610365336091786e-05, 5.305182668045893e-06, 2.6525913340229465e-06, 1.3262956670114732e-06, 6.631478335057366e-07, 6.631478335057366e-07]","[0.6582189977831391, 0.713740235155662, 0.684438060438164, 0.6713285291106516, 0.6647737634468953, 0.6614963806150171, 0.6598576891990782, 0.6590383434911087, 0.6586286706371238, 0.6584238342101314, 0.6583214159966353, 0.6582702068898871, 0.6582446023365132, 0.6582318000598261, 0.6582253989214826, 0.6582221983523109, 0.6582205980677249, 0.6582197979254321, 0.6582193978542855, 0.6582193978542855]"
11,0.0,3.8005354685641894e-07,"[0, 0.09962875698712909, 0.04981437849356454, 0.02490718924678227, 0.012453594623391136, 0.006226797311695568, 0.003113398655847784, 0.001556699327923892, 0.000778349663961946, 0.000389174831980973, 0.0001945874159904865, 9.729370799524325e-05, 4.8646853997621624e-05, 2.4323426998810812e-05, 1.2161713499405406e-05, 6.080856749702703e-06, 3.0404283748513515e-06, 1.5202141874256757e-06, 7.601070937128379e-07, 7.601070937128379e-07]","[0.6979134866186782, 0.7728510784794496, 0.7336794671052582, 0.7157964768619682, 0.7068549817403232, 0.7023842341795007, 0.7001488603990894, 0.6990311735088838, 0.698472330063781, 0.6981929083412296, 0.6980531974799538, 0.697983342049316, 0.6979484143339971, 0.6979309504763376, 0.6979222185475078, 0.6979178525830929, 0.6979156696008856, 0.697914578109782, 0.69791403236423, 0.69791403236423]"
12,0.0,3.425604740674526e-07,"[0, 0.0898001729139383, 0.04490008645696915, 0.022450043228484574, 0.011225021614242287, 0.005612510807121144, 0.002806255403560572, 0.001403127701780286, 0.000701563850890143, 0.0003507819254450715, 0.00017539096272253574, 8.769548136126787e-05, 4.3847740680633934e-05, 2.1923870340316967e-05, 1.0961935170158484e-05, 5.480967585079242e-06, 2.740483792539621e-06, 1.3702418962698104e-06, 6.851209481349052e-07, 6.851209481349052e-07]","[0.6937936358040542, 0.7513591017478434, 0.7225763687759488, 0.7081850022900014, 0.7009893190470278, 0.697391477425541, 0.6955925566147976, 0.6946930962094259, 0.69424336600674, 0.6940185009053972, 0.6939060683547256, 0.6938498520793899, 0.693821743941722, 0.6938076898728881, 0.6938006628384712, 0.6937971493212627, 0.6937953925626583, 0.6937945141833564, 0.6937940749937053, 0.6937940749937053]"
13,0.0,3.3348070361034595e-07,"[0, 0.043709982783615264, 0.021854991391807632, 0.010927495695903816, 0.005463747847951908, 0.002731873923975954, 0.001365936961987977, 0.0006829684809939885, 0.00034148424049699425, 0.00017074212024849713, 8.537106012424856e-05, 4.268553006212428e-05, 2.134276503106214e-05, 1.067138251553107e-05, 5.335691257765535e-06, 2.6678456288827676e-06, 1.3339228144413838e-06, 6.669614072206919e-07, 6.669614072206919e-07]","[0.36158988455929675, 0.37554462747119155, 0.36856725601524415, 0.3650785702872704, 0.36333422742328364, 0.36246205599129017, 0.3620259702752935, 0.36180792741729517, 0.36169890598829596, 0.3616443952737964, 0.36161713991654654, 0.36160351223792164, 0.36159669839860925, 0.361593291478953, 0.3615915880191249, 0.36159073628921085, 0.3615903104242538, 0.36159009749177534, 0.36159009749177534]"
14,0.0,3.1171743251463953e-07,"[0, 0.08171485462911766, 0.04085742731455883, 0.020428713657279416, 0.010214356828639708, 0.005107178414319854, 0.002553589207159927, 0.0012767946035799635, 0.0006383973017899818, 0.0003191986508949909, 0.00015959932544749544, 7.979966272374772e-05, 3.989983136187386e-05, 1.994991568093693e-05, 9.974957840468465e-06, 4.9874789202342324e-06, 2.4937394601171162e-06, 1.2468697300585581e-06, 6.234348650292791e-07, 6.234348650292791e-07]","[0.643643829788082, 0.6669878086220874, 0.6529553010493216, 0.6464789560355635, 0.6450613929118227, 0.6443526113499523, 0.6439982205690171, 0.6438210251785494, 0.6437324274833157, 0.6436881286356988, 0.6436659792118904, 0.6436549044999861, 0.643649367144034, 0.643646598466058, 0.6436452141270699, 0.643644521957576, 0.6436441758728288, 0.6436440028304554, 0.6436439163092686, 0.6436439163092686]"
15,0.0,3.4296991373493984e-07,"[0, 0.08990750506613207, 0.044953752533066035, 0.022476876266533018, 0.011238438133266509, 0.005619219066633254, 0.002809609533316627, 0.0014048047666583136, 0.0007024023833291568, 0.0003512011916645784, 0.0001756005958322892, 8.78002979161446e-05, 4.39001489580723e-05, 2.195007447903615e-05, 1.0975037239518075e-05, 5.4875186197590375e-06, 2.7437593098795188e-06, 1.3718796549397594e-06, 6.859398274698797e-07, 6.859398274698797e-07]","[0.6301191285387919, 0.6996145160416404, 0.6634009001652516, 0.6452940922270572, 0.6362406882579601, 0.6318848047975603, 0.6310019666681761, 0.630560547603484, 0.630339838071138, 0.6302294833049649, 0.6301743059218784, 0.6301467172303352, 0.6301329228845636, 0.6301260257116778, 0.6301225771252348, 0.6301208528320134, 0.6301199906854027, 0.6301195596120972, 0.6301193440754446, 0.6301193440754446]"
16,0.0,3.1122894780880053e-07,"[0, 0.08158680129439021, 0.040793400647195104, 0.020396700323597552, 0.010198350161798776, 0.005099175080899388, 0.002549587540449694, 0.001274793770224847, 0.0006373968851124235, 0.00031869844255621175, 0.00015934922127810587, 7.967461063905294e-05, 3.983730531952647e-05, 1.9918652659763234e-05, 9.959326329881617e-06, 4.9796631649408085e-06, 2.4898315824704043e-06, 1.2449157912352021e-06, 6.224578956176011e-07, 6.224578956176011e-07]","[0.703063303616732, 0.7130200344575883, 0.7080416690371601, 0.7055524863269461, 0.704307894971839, 0.7036855992942854, 0.7033744514555088, 0.7032188775361203, 0.7031410905764262, 0.7031021970965791, 0.7030827503566555, 0.7030730269866937, 0.7030681653017128, 0.7030657344592224, 0.7030645190379772, 0.7030639113273546, 0.7030636074720432, 0.7030634555443876, 0.7030633795805598, 0.7030633795805598]"
17,0.0,0.05357165962144297,"[0, 0.07621768277552059, 0.038108841387760294, 0.05716326208164044, 0.04763605173470037, 0.0523996569081704, 0.05478145949490542, 0.05359055820153791, 0.052995107554854155, 0.05329283287819603, 0.05344169553986697, 0.05351612687070244, 0.05355334253612017, 0.053571950368829044, 0.053562646452474605, 0.053567298410651824, 0.05356962438974043, 0.05357078737928474, 0.05357136887405689, 0.053571950368829044]","[0.6529342845347633, 0.6555599736386419, 0.6529342845347634, 0.6532959038199534, 0.6529342845347634, 0.6529342845347634, 0.6530128950926174, 0.6529342845347633, 0.6529342845347634, 0.6529342845347634, 0.6529342845347634, 0.6529342845347634, 0.6529342845347634, 0.6529342845347633, 0.6529342845347634, 0.6529342845347634, 0.6529342845347634, 0.6529342845347634, 0.6529342845347634, 0.6529342845347633]"
18,0.0,3.0704171421135293e-07,"[0, 0.0804891431302209, 0.04024457156511045, 0.020122285782555226, 0.010061142891277613, 0.005030571445638806, 0.002515285722819403, 0.0012576428614097016, 0.0006288214307048508, 0.0003144107153524254, 0.0001572053576762127, 7.860267883810635e-05, 3.9301339419053175e-05, 1.9650669709526588e-05, 9.825334854763294e-06, 4.912667427381647e-06, 2.4563337136908234e-06, 1.2281668568454117e-06, 6.140834284227059e-07, 6.140834284227059e-07]","[0.5719687063811433, 0.6334865025838755, 0.6025484955980547, 0.587258600989599, 0.5796136536853712, 0.5757911800332572, 0.5738799432072003, 0.5729243247941718, 0.5724465155876576, 0.5722076109844004, 0.5720881586827719, 0.5720284325319576, 0.5719985694565505, 0.5719836379188469, 0.5719761721499951, 0.5719724392655692, 0.5719705728233563, 0.5719696396022498, 0.5719691729916966, 0.5719691729916966]"
19,0.0,3.417550331431422e-07,"[0, 0.08958903140827587, 0.044794515704137935, 0.022397257852068968, 0.011198628926034484, 0.005599314463017242, 0.002799657231508621, 0.0013998286157543105, 0.0006999143078771552, 0.0003499571539385776, 0.0001749785769692888, 8.74892884846444e-05, 4.37446442423222e-05, 2.18723221211611e-05, 1.093616106058055e-05, 5.468080530290275e-06, 2.7340402651451377e-06, 1.3670201325725688e-06, 6.835100662862844e-07, 6.835100662862844e-07]","[0.7736621239584691, 0.7826255251958814, 0.7781438245771752, 0.7759029742678222, 0.7747825491131457, 0.7742223365358073, 0.7739422302471382, 0.7738021771028036, 0.7737321505306364, 0.7736971372445527, 0.7736796306015108, 0.77367087727999, 0.7736665006192295, 0.7736643122888492, 0.7736632181236591, 0.7736626710410641, 0.7736623974997666, 0.7736622607291177, 0.7736621923437934, 0.7736621923437934]"
20,0.016000032424926758,0.050809770130670034,"[0, 0.095642607017904, 0.047821303508952, 0.071731955263428, 0.05977662938619, 0.053798966447571, 0.0508101349782615, 0.049315719243606754, 0.05006292711093413, 0.05043653104459782, 0.050623333011429655, 0.05071673399484558, 0.050763434486553544, 0.050786784732407525, 0.050798459855334516, 0.05080429741679801, 0.05080721619752976, 0.05080867558789563, 0.05080940528307856, 0.0508101349782615]","[0.8215100532919005, 0.830217851411594, 0.8186146834044976, 0.8236335733780253, 0.820341434361241, 0.8188536398850821, 0.8186146834044976, 0.8186146834044977, 0.8186146834044976, 0.8186146834044977, 0.8186146834044976, 0.8186146834044976, 0.8186146834044977, 0.8186146834044976, 0.8186146834044977, 0.8186146834044976, 0.8186146834044977, 0.8186146834044976, 0.8186146834044977, 0.8186146834044976]"
21,0.0,3.3312075018395076e-07,"[0, 0.08732560593622159, 0.043662802968110793, 0.021831401484055397, 0.010915700742027698, 0.005457850371013849, 0.0027289251855069246, 0.0013644625927534623, 0.0006822312963767311, 0.0003411156481883656, 0.0001705578240941828, 8.52789120470914e-05, 4.26394560235457e-05, 2.131972801177285e-05, 1.0659864005886424e-05, 5.329932002943212e-06, 2.664966001471606e-06, 1.332483000735803e-06, 6.662415003679015e-07, 6.662415003679015e-07]","[0.6039693690331019, 0.6794316735624126, 0.6415460069533587, 0.6226031736488318, 0.6131317569965682, 0.6083960486704365, 0.6060281945073707, 0.6048442674258376, 0.6042670398872796, 0.6041182044601908, 0.6040437867466464, 0.6040065778898742, 0.6039879734614881, 0.603978671247295, 0.6039740201401985, 0.6039716945866502, 0.6039705318098761, 0.603969950421489, 0.6039696597272955, 0.6039696597272955]"
22,0.0,2.773772511888135e-07,"[0, 0.07271278213564032, 0.03635639106782016, 0.01817819553391008, 0.00908909776695504, 0.00454454888347752, 0.00227227444173876, 0.00113613722086938, 0.00056806861043469, 0.000284034305217345, 0.0001420171526086725, 7.100857630433625e-05, 3.5504288152168126e-05, 1.7752144076084063e-05, 8.876072038042031e-06, 4.438036019021016e-06, 2.219018009510508e-06, 1.109509004755254e-06, 5.54754502377627e-07, 5.54754502377627e-07]","[0.5840008396636683, 0.5950190259248465, 0.5884516590248767, 0.5862262493442726, 0.5851135445039705, 0.5845571920838194, 0.584279015873744, 0.5841399277687062, 0.5840703837161874, 0.5840356116899278, 0.5840182256767981, 0.5840095326702333, 0.5840051861669509, 0.5840030129153095, 0.584001926289489, 0.5840013829765787, 0.5840011113201236, 0.584000975491896, 0.5840009075777822, 0.5840009075777822]"
23,0.0,3.564088390770613e-07,"[0, 0.09343043871101715, 0.046715219355508576, 0.023357609677754288, 0.011678804838877144, 0.005839402419438572, 0.002919701209719286, 0.001459850604859643, 0.0007299253024298215, 0.00036496265121491075, 0.00018248132560745538, 9.124066280372769e-05, 4.5620331401863844e-05, 2.2810165700931922e-05, 1.1405082850465961e-05, 5.7025414252329805e-06, 2.8512707126164902e-06, 1.4256353563082451e-06, 7.128176781541226e-07, 7.128176781541226e-07]","[0.7002654382794304, 0.723922367409014, 0.7060418173275098, 0.7031536278034701, 0.7017095330414502, 0.7009874856604402, 0.7006264619699353, 0.7004459501246828, 0.7003556942020567, 0.7003105662407436, 0.7002880022600869, 0.7002767202697586, 0.7002710792745945, 0.7002682587770124, 0.7002668485282214, 0.7002661434038259, 0.7002657908416282, 0.7002656145605293, 0.7002655264199799, 0.7002655264199799]"
24,0.0,0.0185185244272352,"[0, 0.0734320601953311, 0.03671603009766555, 0.018358015048832776, 0.027537022573249165, 0.02294751881104097, 0.020652766929936874, 0.019505390989384825, 0.0189317030191088, 0.018644859033970788, 0.01850143704140178, 0.018573148037686282, 0.01853729253954403, 0.018519364790472906, 0.018510400915937343, 0.018514882853205124, 0.018517123821839017, 0.01851824430615596, 0.018518804548314435, 0.018518804548314435]","[0.5870423119027616, 0.6021620320601506, 0.589749326455016, 0.5870423119027616, 0.5882902648261426, 0.5876515085130997, 0.5873321303565783, 0.5871724412783176, 0.5870925967391872, 0.5870526744696221, 0.5870423119027616, 0.5870426939022307, 0.5870423119027615, 0.5870423119027615, 0.5870423119027616, 0.5870423119027616, 0.5870423119027616, 0.5870423119027616, 0.5870423119027615, 0.5870423119027615]"
25,0.0,2.622448971679793e-07,"[0, 0.06874592632320277, 0.034372963161601384, 0.017186481580800692, 0.008593240790400346, 0.004296620395200173, 0.0021483101976000865, 0.0010741550988000433, 0.0005370775494000216, 0.0002685387747000108, 0.0001342693873500054, 6.71346936750027e-05, 3.356734683750135e-05, 1.6783673418750676e-05, 8.391836709375338e-06, 4.195918354687669e-06, 2.0979591773438345e-06, 1.0489795886719173e-06, 5.244897943359586e-07, 5.244897943359586e-07]","[0.5639239449897495, 0.5836018051482312, 0.5737628750689904, 0.56884341002937, 0.5663836775095598, 0.5651538112496547, 0.5645388781197022, 0.5642314115547258, 0.5640776782722376, 0.5640008116309936, 0.5639623783103717, 0.5639431616500605, 0.563933553319905, 0.5639287491548273, 0.5639263470722884, 0.5639251460310191, 0.5639245455103843, 0.563924245250067, 0.5639240951199083, 0.5639240951199083]"
26,0.0,3.166897733375748e-07,"[0, 0.08301832394180521, 0.041509161970902604, 0.020754580985451302, 0.010377290492725651, 0.0051886452463628255, 0.0025943226231814128, 0.0012971613115907064, 0.0006485806557953532, 0.0003242903278976766, 0.0001621451639488383, 8.107258197441915e-05, 4.0536290987209574e-05, 2.0268145493604787e-05, 1.0134072746802394e-05, 5.067036373401197e-06, 2.5335181867005984e-06, 1.2667590933502992e-06, 6.333795466751496e-07, 6.333795466751496e-07]","[0.6387336447048173, 0.6767869428877855, 0.6510283558183443, 0.6415202776395204, 0.6401269611721687, 0.6394303029384929, 0.6390819738216551, 0.6389078092632362, 0.6388207269840267, 0.638777185844422, 0.6387554152746195, 0.6387445299897184, 0.6387390873472678, 0.6387363660260426, 0.6387350053654299, 0.6387343250351236, 0.6387339848699705, 0.6387338147873938, 0.6387337297461055, 0.6387337297461055]"
27,0.0,4.726887829365428e-07,"[0, 0.06195626415705854, 0.03097813207852927, 0.015489066039264634, 0.007744533019632317, 0.0038722665098161585, 0.0019361332549080793, 0.0009680666274540396, 0.0004840333137270198, 0.0002420166568635099, 0.00012100832843175495, 6.050416421587748e-05, 3.025208210793874e-05, 1.512604105396937e-05, 7.563020526984685e-06, 3.7815102634923423e-06, 1.8907551317461712e-06, 9.453775658730856e-07, 9.453775658730856e-07]","[0.4666562738010482, 0.5056335418198316, 0.4812402881902741, 0.47177176945285015, 0.46921402162694914, 0.4679351477139987, 0.4672957107575234, 0.4669759922792858, 0.466816133040167, 0.4667362034206075, 0.4666962386108279, 0.46667625620593806, 0.4666662650034931, 0.4666612694022707, 0.46665877160165947, 0.46665752270135386, 0.466656898251201, 0.4666565860261246, 0.4666565860261246]"
28,0.0,2.538402147717952e-07,"[0, 0.06654268926113747, 0.03327134463056874, 0.01663567231528437, 0.008317836157642184, 0.004158918078821092, 0.002079459039410546, 0.001039729519705273, 0.0005198647598526365, 0.00025993237992631826, 0.00012996618996315913, 6.498309498157957e-05, 3.249154749078978e-05, 1.624577374539489e-05, 8.122886872697446e-06, 4.061443436348723e-06, 2.0307217181743614e-06, 1.0153608590871807e-06, 5.076804295435904e-07, 5.076804295435904e-07]","[0.5130263831246537, 0.5412576039642085, 0.5271419935444311, 0.5200841883345424, 0.5165552857295981, 0.5147908344271258, 0.5139086087758896, 0.5134674959502716, 0.5132469395374626, 0.5131366613310582, 0.5130815222278559, 0.5130539526762548, 0.5130401679004541, 0.513033275512554, 0.5130298293186037, 0.5130281062216286, 0.5130272446731412, 0.5130268138988974, 0.5130265985117755, 0.5130265985117755]"
29,0.0,3.637338119161694e-07,"[0, 0.09535063639095231, 0.04767531819547616, 0.02383765909773808, 0.01191882954886904, 0.00595941477443452, 0.00297970738721726, 0.00148985369360863, 0.000744926846804315, 0.0003724634234021575, 0.00018623171170107874, 9.311585585053937e-05, 4.6557927925269685e-05, 2.3278963962634842e-05, 1.1639481981317421e-05, 5.819740990658711e-06, 2.9098704953293553e-06, 1.4549352476646777e-06, 7.274676238323388e-07, 7.274676238323388e-07]","[0.6861348432642971, 0.7508445543706664, 0.7184896988174817, 0.7023122710408893, 0.6942235571525932, 0.6901792002084451, 0.688157021736371, 0.6871459325003341, 0.6866403878823155, 0.6863876155733064, 0.6862612294188017, 0.6861980363415493, 0.6861664398029232, 0.68615064153361, 0.6861427423989536, 0.6861387928316253, 0.6861368180479612, 0.6861358306561292, 0.6861353369602131, 0.6861353369602131]"
30,0.0,4.814248913664867e-07,"[0, 0.06310132336118815, 0.031550661680594075, 0.015775330840297037, 0.007887665420148519, 0.003943832710074259, 0.0019719163550371297, 0.0009859581775185648, 0.0004929790887592824, 0.0002464895443796412, 0.0001232447721898206, 6.16223860949103e-05, 3.081119304745515e-05, 1.5405596523727576e-05, 7.702798261863788e-06, 3.851399130931894e-06, 1.925699565465947e-06, 9.628497827329735e-07, 9.628497827329735e-07]","[0.47629352659105795, 0.5275712431650681, 0.4930905796827969, 0.48155355226711405, 0.478923539429086, 0.477608533010072, 0.4769510298005649, 0.4766222781958115, 0.4764579023934347, 0.4763757144922463, 0.4763346205416522, 0.476314073566355, 0.4763038000787065, 0.47629866333488224, 0.47629609496297004, 0.476294810777014, 0.47629416868403596, 0.47629384763754695, 0.47629384763754695]"
31,0.0,3.456785915057622e-07,"[0, 0.09061756869168652, 0.04530878434584326, 0.02265439217292163, 0.011327196086460815, 0.005663598043230408, 0.002831799021615204, 0.001415899510807602, 0.000707949755403801, 0.0003539748777019005, 0.00017698743885095024, 8.849371942547512e-05, 4.424685971273756e-05, 2.212342985636878e-05, 1.106171492818439e-05, 5.530857464092195e-06, 2.7654287320460975e-06, 1.3827143660230488e-06, 6.913571830115244e-07, 6.913571830115244e-07]","[0.703414260539075, 0.7328444944260021, 0.7181293774825386, 0.7107718190108068, 0.7070930397749409, 0.7052536501570079, 0.7043339553480414, 0.7038741079435582, 0.7036441842413166, 0.7035292223901959, 0.7034717414646354, 0.7034430010018552, 0.7034286307704651, 0.70342144565477, 0.7034178530969226, 0.7034160568179988, 0.7034151586785369, 0.703414709608806, 0.7034144850739406, 0.7034144850739406]"
32,0.0,3.2012271810974164e-07,"[0, 0.08391824981616011, 0.041959124908080056, 0.020979562454040028, 0.010489781227020014, 0.005244890613510007, 0.0026224453067550035, 0.0013112226533775018, 0.0006556113266887509, 0.00032780566334437544, 0.00016390283167218772, 8.195141583609386e-05, 4.097570791804693e-05, 2.0487853959023465e-05, 1.0243926979511732e-05, 5.121963489755866e-06, 2.560981744877933e-06, 1.2804908724389666e-06, 6.402454362194833e-07, 6.402454362194833e-07]","[0.6779967895254998, 0.7067362921418674, 0.6923665408336837, 0.6851816651795918, 0.6815892273525457, 0.6797930084390227, 0.6788948989822612, 0.6784458442538805, 0.6782213168896902, 0.6781090532075951, 0.6780529213665474, 0.6780248554460235, 0.6780108224857617, 0.6780038060056308, 0.6780002977655653, 0.6779985436455325, 0.6779976665855161, 0.677997228055508, 0.6779970087905038, 0.6779970087905038]"
33,0.0,0.013914671755349212,"[0, 0.08933525293610893, 0.044667626468054465, 0.022333813234027233, 0.011166906617013616, 0.016750359925520424, 0.01395863327126702, 0.01256276994414032, 0.01326070160770367, 0.013609667439485346, 0.013784150355376184, 0.013871391813321601, 0.013915012542294311, 0.013893202177807956, 0.013904107360051134, 0.013909559951172722, 0.013912286246733517, 0.013913649394513915, 0.013914330968404113, 0.013915012542294311]","[0.7268027539943671, 0.7452680031021295, 0.7304739135339847, 0.7276050157337868, 0.7268027539943671, 0.7268877912837373, 0.7268027539943671, 0.7268027539943672, 0.7268027539943671, 0.7268027539943671, 0.7268027539943672, 0.7268027539943671, 0.7268027539943671, 0.7268027539943671, 0.7268027539943672, 0.7268027539943672, 0.7268027539943672, 0.7268027539943671, 0.7268027539943671, 0.7268027539943671]"
34,0.0,2.5631478027284405e-07,"[0, 0.06719138175984443, 0.033595690879922216, 0.016797845439961108, 0.008398922719980554, 0.004199461359990277, 0.0020997306799951385, 0.0010498653399975692, 0.0005249326699987846, 0.0002624663349993923, 0.00013123316749969616, 6.561658374984808e-05, 3.280829187492404e-05, 1.640414593746202e-05, 8.20207296873101e-06, 4.101036484365505e-06, 2.0505182421827524e-06, 1.0252591210913762e-06, 5.126295605456881e-07, 5.126295605456881e-07]","[0.4619450779463765, 0.5342638949144974, 0.48838058735318185, 0.4677305941116733, 0.46479668122406087, 0.4633708795852187, 0.4626579787657976, 0.46230152835608707, 0.46212330315123185, 0.46203419054880424, 0.4619896342475904, 0.4619673560969835, 0.46195621702168, 0.46195064748402836, 0.4619478627152025, 0.4619464703307895, 0.461945774138583, 0.4619454260424798, 0.46194525199442815, 0.46194525199442815]"
35,0.0,3.2885424710931673e-07,"[0, 0.08620716775422473, 0.04310358387711236, 0.02155179193855618, 0.01077589596927809, 0.005387947984639045, 0.0026939739923195227, 0.0013469869961597613, 0.0006734934980798807, 0.00033674674903994033, 0.00016837337451997017, 8.418668725998508e-05, 4.209334362999254e-05, 2.104667181499627e-05, 1.0523335907498135e-05, 5.261667953749068e-06, 2.630833976874534e-06, 1.315416988437267e-06, 6.577084942186335e-07, 6.577084942186335e-07]","[0.6811198277526704, 0.7243094640117604, 0.7027146458822155, 0.6919172368174431, 0.6865185322850567, 0.6838191800188635, 0.6824695038857671, 0.6817946658192188, 0.6814572467859447, 0.6812885372693076, 0.6812041825109889, 0.6811620051318298, 0.6811409164422502, 0.6811303720974603, 0.6811250999250654, 0.681122463838868, 0.6811211457957692, 0.6811204867742199, 0.6811201572634451, 0.6811201572634451]"
36,0.0,3.2743716706693526e-07,"[0, 0.08583568872359468, 0.04291784436179734, 0.02145892218089867, 0.010729461090449335, 0.005364730545224667, 0.0026823652726123337, 0.0013411826363061668, 0.0006705913181530834, 0.0003352956590765417, 0.00016764782953827085, 8.382391476913543e-05, 4.1911957384567714e-05, 2.0955978692283857e-05, 1.0477989346141928e-05, 5.238994673070964e-06, 2.619497336535482e-06, 1.309748668267741e-06, 6.548743341338705e-07, 6.548743341338705e-07]","[0.7079042104369374, 0.7241882290805468, 0.7136048611858065, 0.710754535811372, 0.7093293731241547, 0.7086167917805459, 0.7082605011087417, 0.7080823557728396, 0.7079932831048884, 0.707948746770913, 0.7079264786039252, 0.7079153445204313, 0.7079097774786843, 0.7079069939578109, 0.7079056021973742, 0.7079049063171557, 0.7079045583770466, 0.707904384406992, 0.7079042974219647, 0.7079042974219647]"
37,0.0,3.6678135174448927e-07,"[0, 0.0961495306717074, 0.0480747653358537, 0.02403738266792685, 0.012018691333963424, 0.006009345666981712, 0.003004672833490856, 0.001502336416745428, 0.000751168208372714, 0.000375584104186357, 0.0001877920520931785, 9.389602604658925e-05, 4.6948013023294626e-05, 2.3474006511647313e-05, 1.1737003255823657e-05, 5.868501627911828e-06, 2.934250813955914e-06, 1.467125406977957e-06, 7.335627034889785e-07, 7.335627034889785e-07]","[0.7061402195164916, 0.8031050119167276, 0.7503082469832787, 0.7239098645165544, 0.7119886205683477, 0.7090644200424197, 0.7076023197794558, 0.7068712696479738, 0.7065057445822327, 0.7063229820493622, 0.706231600782927, 0.7061859101497093, 0.7061630648331005, 0.7061516421747962, 0.7061459308456439, 0.7061430751810678, 0.7061416473487797, 0.7061409334326358, 0.7061405764745637, 0.7061405764745637]"
38,0.0,3.54925370000019e-07,"[0, 0.09304155619328498, 0.04652077809664249, 0.023260389048321246, 0.011630194524160623, 0.005815097262080311, 0.0029075486310401557, 0.0014537743155200779, 0.0007268871577600389, 0.00036344357888001946, 0.00018172178944000973, 9.086089472000487e-05, 4.543044736000243e-05, 2.2715223680001216e-05, 1.1357611840000608e-05, 5.678805920000304e-06, 2.839402960000152e-06, 1.419701480000076e-06, 7.09850740000038e-07, 7.09850740000038e-07]","[0.6969502712354873, 0.7127799868335984, 0.7034550797113148, 0.700202675473401, 0.6985764733544442, 0.6977633722949657, 0.6973568217652265, 0.6971535465003569, 0.6970519088679221, 0.6970010900517046, 0.6969756806435959, 0.6969629759395416, 0.6969566235875144, 0.6969534474115009, 0.6969518593234941, 0.6969510652794908, 0.6969506682574891, 0.6969504697464881, 0.6969503704909877, 0.6969503704909877]"
39,0.0,0.004085285296301638,"[0, 0.09194925978481124, 0.04597462989240562, 0.02298731494620281, 0.011493657473101404, 0.005746828736550702, 0.002873414368275351, 0.004310121552413027, 0.0035917679603441888, 0.003950944756378608, 0.004130533154395818, 0.004040738955387212, 0.004085636054891515, 0.004063187505139364, 0.004074411780015439, 0.004080023917453477, 0.004082829986172496, 0.004084233020532005, 0.004084934537711761, 0.004085636054891515]","[0.7688453773380568, 0.7876862810352622, 0.7744205982888679, 0.7712883013470152, 0.7697221528760889, 0.7689390786406258, 0.7688453773380568, 0.7688453773380566, 0.7688453773380568, 0.7688453773380568, 0.7688453773380566, 0.7688453773380567, 0.7688453773380567, 0.7688453773380568, 0.7688453773380568, 0.7688453773380568, 0.7688453773380567, 0.7688453773380568, 0.7688453773380568, 0.7688453773380567]"
40,0.0,3.296420261739363e-07,"[0, 0.08641367930934035, 0.043206839654670176, 0.021603419827335088, 0.010801709913667544, 0.005400854956833772, 0.002700427478416886, 0.001350213739208443, 0.0006751068696042215, 0.00033755343480211075, 0.00016877671740105538, 8.438835870052769e-05, 4.2194179350263844e-05, 2.1097089675131922e-05, 1.0548544837565961e-05, 5.2742724187829805e-06, 2.6371362093914902e-06, 1.3185681046957451e-06, 6.592840523478726e-07, 6.592840523478726e-07]","[0.6430490172675668, 0.6900480568624663, 0.6595871028650518, 0.6513180600663093, 0.647183538666938, 0.6451162779672523, 0.6440826476174095, 0.6435658324424882, 0.6433074248550275, 0.6431782210612972, 0.643113619164432, 0.6430813182159993, 0.6430651677417831, 0.643057092504675, 0.643053054886121, 0.6430510360768438, 0.6430500266722053, 0.643049521969886, 0.6430492696187264, 0.6430492696187264]"
41,0.0,3.676342783329062e-07,"[0, 0.09637312025930136, 0.04818656012965068, 0.02409328006482534, 0.01204664003241267, 0.006023320016206335, 0.0030116600081031676, 0.0015058300040515838, 0.0007529150020257919, 0.00037645750101289596, 0.00018822875050644798, 9.411437525322399e-05, 4.7057187626611994e-05, 2.3528593813305997e-05, 1.1764296906652999e-05, 5.882148453326499e-06, 2.9410742266632497e-06, 1.4705371133316248e-06, 7.352685566658124e-07, 7.352685566658124e-07]","[0.7597511806820524, 0.7962492367656732, 0.7780002087238629, 0.7688756947029576, 0.7643134376925049, 0.7620323091872787, 0.7608917449346656, 0.7603214628083589, 0.7600363217452057, 0.759893751213629, 0.7598224659478408, 0.7597868233149465, 0.7597690019984994, 0.759760091340276, 0.7597556360111641, 0.7597534083466082, 0.7597522945143302, 0.7597517375981913, 0.7597514591401219, 0.7597514591401219]"
42,0.0,2.731665838867368e-07,"[0, 0.03580449048320237, 0.017902245241601184, 0.008951122620800592, 0.004475561310400296, 0.002237780655200148, 0.001118890327600074, 0.000559445163800037, 0.0002797225819000185, 0.00013986129095000925, 6.993064547500463e-05, 3.496532273750231e-05, 1.7482661368751156e-05, 8.741330684375578e-06, 4.370665342187789e-06, 2.1853326710938946e-06, 1.0926663355469473e-06, 5.463331677734736e-07, 5.463331677734736e-07]","[0.27159245295649737, 0.2966892629231095, 0.283455744825843, 0.2775240988911702, 0.27455827592383375, 0.27307536444016556, 0.27233390869833146, 0.2719631808274144, 0.2717778168919559, 0.27168513492422663, 0.271638793940362, 0.2716156234484297, 0.27160403820246354, 0.2715982455794804, 0.2715953492679889, 0.27159390111224313, 0.27159317703437025, 0.27159281499543375, 0.27159281499543375]"
43,0.0,3.4746689385114575e-07,"[0, 0.09108636142171475, 0.045543180710857376, 0.022771590355428688, 0.011385795177714344, 0.005692897588857172, 0.002846448794428586, 0.001423224397214293, 0.0007116121986071465, 0.00035580609930357325, 0.00017790304965178662, 8.895152482589331e-05, 4.4475762412946656e-05, 2.2237881206473328e-05, 1.1118940603236664e-05, 5.559470301618332e-06, 2.779735150809166e-06, 1.389867575404583e-06, 6.949337877022915e-07, 6.949337877022915e-07]","[0.7123503086062363, 0.7416545654433968, 0.7213872652467994, 0.7149619899018324, 0.7136561492540343, 0.7130032289301353, 0.7126767687681858, 0.712513538687211, 0.7124319236467237, 0.71239111612648, 0.7123707123663582, 0.7123605104862971, 0.7123554095462666, 0.7123528590762516, 0.7123515838412439, 0.7123509462237401, 0.7123506274149882, 0.7123504680106123, 0.7123503883084242, 0.7123503883084242]"
44,0.0,2.649097064648661e-07,"[0, 0.06944449009152585, 0.03472224504576293, 0.017361122522881463, 0.008680561261440732, 0.004340280630720366, 0.002170140315360183, 0.0010850701576800915, 0.0005425350788400457, 0.00027126753942002287, 0.00013563376971001143, 6.781688485500572e-05, 3.390844242750286e-05, 1.695422121375143e-05, 8.477110606875715e-06, 4.238555303437857e-06, 2.1192776517189286e-06, 1.0596388258594643e-06, 5.298194129297322e-07, 5.298194129297322e-07]","[0.555894647922259, 0.5669516305425453, 0.5612149281811227, 0.5585547880516908, 0.5572247179869749, 0.556559682954617, 0.5562271654384379, 0.5560609066803484, 0.5559777773013037, 0.5559362126117814, 0.5559154302670202, 0.5559050390946396, 0.5558998435084492, 0.5558972457153541, 0.5558959468188065, 0.5558952973705328, 0.5558949726463959, 0.5558948102843273, 0.5558947291032932, 0.5558947291032932]"
45,0.0,3.249952275011896e-07,"[0, 0.08519554891807185, 0.042597774459035925, 0.021298887229517963, 0.010649443614758981, 0.005324721807379491, 0.0026623609036897453, 0.0013311804518448727, 0.0006655902259224363, 0.00033279511296121817, 0.00016639755648060908, 8.319877824030454e-05, 4.159938912015227e-05, 2.0799694560076135e-05, 1.0399847280038068e-05, 5.199923640019034e-06, 2.599961820009517e-06, 1.2999809100047585e-06, 6.499904550023792e-07, 6.499904550023792e-07]","[0.6559557300705918, 0.6831927582328707, 0.6651578284845665, 0.6594656050723826, 0.6577106675714872, 0.6568331988210395, 0.6563944644458157, 0.6561750972582037, 0.6560654136643979, 0.6560105718674949, 0.6559831509690434, 0.6559694405198176, 0.6559625852952047, 0.6559591576828983, 0.655957443876745, 0.6559565869736684, 0.6559561585221302, 0.6559559442963611, 0.6559558371834764, 0.6559558371834764]"
46,0.0,3.3860376907189233e-07,"[0, 0.08876294643958214, 0.04438147321979107, 0.022190736609895536, 0.011095368304947768, 0.005547684152473884, 0.002773842076236942, 0.001386921038118471, 0.0006934605190592355, 0.00034673025952961775, 0.00017336512976480887, 8.668256488240444e-05, 4.334128244120222e-05, 2.167064122060111e-05, 1.0835320610300555e-05, 5.417660305150277e-06, 2.7088301525751387e-06, 1.3544150762875693e-06, 6.772075381437847e-07, 6.772075381437847e-07]","[0.6744227970276669, 0.720900806391795, 0.6942198307778946, 0.6817656229724737, 0.6780942100000702, 0.6762585035138686, 0.6753406502707676, 0.6748817236492173, 0.6746522603384421, 0.6745375286830544, 0.6744801628553607, 0.6744514799415138, 0.6744371384845904, 0.6744299677561286, 0.6744263823918978, 0.6744245897097824, 0.6744236933687247, 0.6744232451981957, 0.6744230211129314, 0.6744230211129314]"
47,0.0,0.013388206237895845,"[0, 0.07847150220295068, 0.03923575110147534, 0.01961787555073767, 0.009808937775368835, 0.014713406663053253, 0.012261172219211044, 0.013487289441132148, 0.012874230830171595, 0.013180760135651871, 0.01333402478839201, 0.013410657114762078, 0.013372340951577043, 0.01339149903316956, 0.0133819199923733, 0.01338670951277143, 0.013389104272970496, 0.013387906892870963, 0.01338850558292073, 0.01338850558292073]","[0.55645877348104, 0.5860996711028866, 0.5622946371415294, 0.5573664040953167, 0.55645877348104, 0.5566517074313616, 0.55645877348104, 0.5564730332653728, 0.55645877348104, 0.55645877348104, 0.55645877348104, 0.5564618661299985, 0.55645877348104, 0.5564590743461549, 0.55645877348104, 0.55645877348104, 0.5564587253731745, 0.55645877348104, 0.5564586381299294, 0.5564586381299294]"
48,0.0,3.010350786344898e-07,"[0, 0.0789145396535597, 0.03945726982677985, 0.019728634913389925, 0.009864317456694962, 0.004932158728347481, 0.0024660793641737406, 0.0012330396820868703, 0.0006165198410434351, 0.00030825992052171757, 0.00015412996026085879, 7.706498013042939e-05, 3.8532490065214696e-05, 1.9266245032607348e-05, 9.633122516303674e-06, 4.816561258151837e-06, 2.4082806290759185e-06, 1.2041403145379593e-06, 6.020701572689796e-07, 6.020701572689796e-07]","[0.6598082322462533, 0.6807407532973272, 0.6702744927717903, 0.6650413625090218, 0.6624247973776376, 0.6611165148119456, 0.6604623735290995, 0.6601353028876764, 0.6599717675669649, 0.6598899999066091, 0.6598491160764313, 0.6598286741613423, 0.6598184532037978, 0.6598133427250256, 0.6598107874856396, 0.6598095098659464, 0.6598088710560999, 0.6598085516511766, 0.659808391948715, 0.659808391948715]"
49,0.0,3.125683343579752e-07,"[0, 0.08193791344193706, 0.04096895672096853, 0.020484478360484264, 0.010242239180242132, 0.005121119590121066, 0.002560559795060533, 0.0012802798975302665, 0.0006401399487651333, 0.00032006997438256663, 0.00016003498719128332, 8.001749359564166e-05, 4.000874679782083e-05, 2.0004373398910414e-05, 1.0002186699455207e-05, 5.001093349727604e-06, 2.500546674863802e-06, 1.250273337431901e-06, 6.251366687159505e-07, 6.251366687159505e-07]","[0.5287678504945665, 0.6076455962709331, 0.5651732900112136, 0.5469705702528902, 0.5378692103737284, 0.5333185304341475, 0.5310431904643571, 0.5299055204794618, 0.5293366854870142, 0.5290522679907904, 0.5289100592426784, 0.5288389548686225, 0.5288034026815945, 0.5287856265880806, 0.5287767385413236, 0.528772294517945, 0.5287700725062559, 0.5287689615004112, 0.5287684059974889, 0.5287684059974889]"
50,0.0,3.308737678333787e-07,"[0, 0.08673657299491322, 0.04336828649745661, 0.021684143248728305, 0.010842071624364152, 0.005421035812182076, 0.002710517906091038, 0.001355258953045519, 0.0006776294765227595, 0.00033881473826137976, 0.00016940736913068988, 8.470368456534494e-05, 4.235184228267247e-05, 2.1175921141336235e-05, 1.0587960570668118e-05, 5.293980285334059e-06, 2.6469901426670294e-06, 1.3234950713335147e-06, 6.617475356667573e-07, 6.617475356667573e-07]","[0.6766075491946026, 0.7038660698059447, 0.6902368095002736, 0.683422179347438, 0.6800148642710203, 0.6783112067328114, 0.677459377963707, 0.6770334635791548, 0.6768205063868786, 0.6767140277907406, 0.6766607884926716, 0.676634168843637, 0.6766208590191198, 0.6766142041068612, 0.6766108766507319, 0.6766092129226673, 0.676608381058635, 0.6766079651266188, 0.6766077571606106, 0.6766077571606106]"
51,0.0,2.84900031700874e-07,"[0, 0.07468483391019391, 0.037342416955096956, 0.018671208477548478, 0.009335604238774239, 0.0046678021193871195, 0.0023339010596935598, 0.0011669505298467799, 0.0005834752649233899, 0.00029173763246169497, 0.00014586881623084749, 7.293440811542374e-05, 3.646720405771187e-05, 1.8233602028855936e-05, 9.116801014427968e-06, 4.558400507213984e-06, 2.279200253606992e-06, 1.139600126803496e-06, 5.69800063401748e-07, 5.69800063401748e-07]","[0.5686466144639117, 0.6166690367105632, 0.5892878609585145, 0.5755972730824901, 0.5719741858042556, 0.5703104001340837, 0.5694785072989977, 0.5690625608814548, 0.5688545876726833, 0.5687506010682974, 0.5686986077661047, 0.5686726111150082, 0.56865961278946, 0.5686531136266859, 0.5686498640452988, 0.5686482392546052, 0.5686474268592585, 0.5686470206615851, 0.5686468175627484, 0.5686468175627484]"
52,0.0,2.965754058263268e-07,"[0, 0.07774546318493661, 0.038872731592468304, 0.019436365796234152, 0.009718182898117076, 0.004859091449058538, 0.002429545724529269, 0.0012147728622646345, 0.0006073864311323173, 0.0003036932155661586, 0.0001518466077830793, 7.592330389153966e-05, 3.796165194576983e-05, 1.8980825972884914e-05, 9.490412986442457e-06, 4.7452064932212285e-06, 2.3726032466106143e-06, 1.1863016233053071e-06, 5.931508116526536e-07, 5.931508116526536e-07]","[0.5775836875834897, 0.6294655430363875, 0.5991903150336513, 0.5840527010322831, 0.5802720448613461, 0.5783984711590238, 0.5779069654055792, 0.5777453264945345, 0.5776645070390121, 0.5776240973112509, 0.5776038924473702, 0.5775937900154299, 0.5775887387994598, 0.5775862131914747, 0.5775849503874821, 0.5775843189854859, 0.5775840032844878, 0.5775838454339887, 0.5775837665087392, 0.5775837665087392]"
53,0.0,3.255670159527102e-07,"[0, 0.08534543982990726, 0.04267271991495363, 0.021336359957476816, 0.010668179978738408, 0.005334089989369204, 0.002667044994684602, 0.001333522497342301, 0.0006667612486711505, 0.00033338062433557525, 0.00016669031216778762, 8.334515608389381e-05, 4.1672578041946906e-05, 2.0836289020973453e-05, 1.0418144510486726e-05, 5.209072255243363e-06, 2.6045361276216816e-06, 1.3022680638108408e-06, 6.511340319054204e-07, 6.511340319054204e-07]","[0.6185678851514161, 0.6695353138724309, 0.6409148702896842, 0.626604648498311, 0.6220982860282931, 0.6203330855898546, 0.6194504853706353, 0.6190091852610258, 0.618788535206221, 0.6186782101788186, 0.6186230476651173, 0.6185954664082668, 0.6185816757798415, 0.6185747804656287, 0.6185713328085225, 0.6185696089799693, 0.6185687470656928, 0.6185683161085545, 0.6185681006299852, 0.6185681006299852]"
54,0.0,3.5011546462541517e-07,"[0, 0.09178066835876483, 0.04589033417938242, 0.02294516708969121, 0.011472583544845604, 0.005736291772422802, 0.002868145886211401, 0.0014340729431057005, 0.0007170364715528503, 0.00035851823577642513, 0.00017925911788821256, 8.962955894410628e-05, 4.481477947205314e-05, 2.240738973602657e-05, 1.1203694868013285e-05, 5.601847434006643e-06, 2.8009237170033213e-06, 1.4004618585016607e-06, 7.002309292508303e-07, 7.002309292508303e-07]","[0.6736624592411472, 0.715802229495591, 0.6837660690387686, 0.6766874413867384, 0.6751749503139429, 0.6744187047775451, 0.6740405820093462, 0.6738515206252467, 0.673756989933197, 0.6737097245871722, 0.6736860919141596, 0.6736742755776535, 0.6736683674094004, 0.6736654133252737, 0.6736639362832105, 0.673663197762179, 0.673662828501663, 0.6736626438714052, 0.6736625515562762, 0.6736625515562762]"
55,0.0,3.5738696324638684e-07,"[0, 0.09368684809326083, 0.046843424046630416, 0.023421712023315208, 0.011710856011657604, 0.005855428005828802, 0.002927714002914401, 0.0014638570014572005, 0.0007319285007286003, 0.00036596425036430013, 0.00018298212518215006, 9.149106259107503e-05, 4.5745531295537516e-05, 2.2872765647768758e-05, 1.1436382823884379e-05, 5.7181914119421895e-06, 2.8590957059710947e-06, 1.4295478529855474e-06, 7.147739264927737e-07, 7.147739264927737e-07]","[0.682132741835624, 0.7350751914851803, 0.7032886339304236, 0.6902009832148808, 0.6861668625252524, 0.6841498021804381, 0.683141272008031, 0.6826370069218275, 0.6823848743787257, 0.6822588081071748, 0.6821957749713994, 0.6821642584035117, 0.6821485001195677, 0.682140620977596, 0.68213668140661, 0.6821347116211169, 0.6821337267283705, 0.6821332342819972, 0.6821329880588106, 0.6821329880588106]"
56,0.0,3.354162907133774e-07,"[0, 0.0879273681127676, 0.0439636840563838, 0.0219818420281919, 0.01099092101409595, 0.005495460507047975, 0.0027477302535239877, 0.0013738651267619939, 0.0006869325633809969, 0.00034346628169049846, 0.00017173314084524923, 8.586657042262462e-05, 4.293328521131231e-05, 2.1466642605656154e-05, 1.0733321302828077e-05, 5.3666606514140385e-06, 2.6833303257070192e-06, 1.3416651628535096e-06, 6.708325814267548e-07, 6.708325814267548e-07]","[0.7001178868315409, 0.7480541408893469, 0.7240860138604438, 0.7121019503459923, 0.7061099185887665, 0.7031139027101536, 0.7016158947708473, 0.7008668908011941, 0.7004923888163674, 0.7003051378239541, 0.7002115123277475, 0.7001646995796442, 0.7001412932055926, 0.7001295900185667, 0.7001237384250538, 0.7001208126282973, 0.7001193497299191, 0.70011861828073, 0.7001182525561354, 0.7001182525561354]"
57,0.0,2.958523788098966e-07,"[0, 0.07755592599074153, 0.038777962995370764, 0.019388981497685382, 0.009694490748842691, 0.0048472453744213455, 0.0024236226872106728, 0.0012118113436053364, 0.0006059056718026682, 0.0003029528359013341, 0.00015147641795066705, 7.573820897533352e-05, 3.786910448766676e-05, 1.893455224383338e-05, 9.46727612191669e-06, 4.733638060958345e-06, 2.3668190304791726e-06, 1.1834095152395863e-06, 5.917047576197932e-07, 5.917047576197932e-07]","[0.6409622310065191, 0.662859176316541, 0.6519107036615301, 0.6464364673340246, 0.6436993491702718, 0.6423307900883956, 0.6416465105474574, 0.6413043707769882, 0.6411333008917537, 0.6410477659491365, 0.6410049984778278, 0.6409836147421735, 0.6409729228743463, 0.6409675769404326, 0.6409649039734759, 0.6409635674899975, 0.6409628992482583, 0.6409625651273887, 0.6409623980669539, 0.6409623980669539]"
58,0.0,3.4909368840207044e-07,"[0, 0.09151281585247235, 0.04575640792623618, 0.02287820396311809, 0.011439101981559044, 0.005719550990779522, 0.002859775495389761, 0.0014298877476948805, 0.0007149438738474403, 0.00035747193692372013, 0.00017873596846186007, 8.936798423093003e-05, 4.4683992115465017e-05, 2.2341996057732508e-05, 1.1170998028866254e-05, 5.585499014433127e-06, 2.7927495072165635e-06, 1.3963747536082818e-06, 6.981873768041409e-07, 6.981873768041409e-07]","[0.6285944561644837, 0.6752528156933288, 0.649829424322703, 0.6392119402435934, 0.6339031982040386, 0.6312488271842611, 0.6299216416743725, 0.6292580489194282, 0.628926252541956, 0.6287603543532199, 0.6286774052588517, 0.6286359307116678, 0.6286151934380757, 0.6286048248012799, 0.6285996404828817, 0.6285970483236827, 0.6285957522440833, 0.6285951042042834, 0.6285947801843836, 0.6285947801843836]"
59,0.016000032424926758,2.9919867383420525e-07,"[0, 0.0784331371535939, 0.03921656857679695, 0.019608284288398475, 0.009804142144199238, 0.004902071072099619, 0.0024510355360498094, 0.0012255177680249047, 0.0006127588840124524, 0.0003063794420062262, 0.0001531897210031131, 7.659486050155654e-05, 3.829743025077827e-05, 1.9148715125389136e-05, 9.574357562694568e-06, 4.787178781347284e-06, 2.393589390673642e-06, 1.196794695336821e-06, 5.983973476684105e-07, 5.983973476684105e-07]","[0.6925459704070851, 0.7007721169839592, 0.6966590436955221, 0.6946025070513036, 0.6935742387291944, 0.6930601045681397, 0.6928030374876124, 0.6926745039473488, 0.6926102371772169, 0.692578103792151, 0.692562037099618, 0.6925540037533515, 0.6925499870802184, 0.6925479787436518, 0.6925469745753684, 0.6925464724912268, 0.692546221449156, 0.6925460959281204, 0.6925460331676028, 0.6925460331676028]"
60,0.0,3.747450187188309e-07,"[0, 0.0982371581870292, 0.0491185790935146, 0.0245592895467573, 0.01227964477337865, 0.006139822386689325, 0.0030699111933446626, 0.0015349555966723313, 0.0007674777983361656, 0.0003837388991680828, 0.0001918694495840414, 9.59347247920207e-05, 4.796736239601035e-05, 2.3983681198005176e-05, 1.1991840599002588e-05, 5.995920299501294e-06, 2.997960149750647e-06, 1.4989800748753235e-06, 7.494900374376618e-07, 7.494900374376618e-07]","[0.7085400424419916, 0.8180726582133118, 0.7633063503276516, 0.7359231963848216, 0.7222316194134066, 0.715385830927699, 0.7119629366848454, 0.7102514895634185, 0.7093957660027052, 0.7089679042223483, 0.70875397333217, 0.7086470078870809, 0.7085935251645362, 0.708566783803264, 0.7085534131226279, 0.7085467277823098, 0.7085433851121508, 0.7085417137770712, 0.7085408781095315, 0.7085408781095315]"
61,0.0,2.8111616485540267e-07,"[0, 0.07369291591985468, 0.03684645795992734, 0.01842322897996367, 0.009211614489981835, 0.004605807244990917, 0.0023029036224954586, 0.0011514518112477293, 0.0005757259056238647, 0.00028786295281193233, 0.00014393147640596616, 7.196573820298308e-05, 3.598286910149154e-05, 1.799143455074577e-05, 8.995717275372885e-06, 4.497858637686443e-06, 2.2489293188432213e-06, 1.1244646594216107e-06, 5.622323297108053e-07, 5.622323297108053e-07]","[0.4661506073154812, 0.5455399703006371, 0.48936575515907366, 0.4777581812372774, 0.4719543942763793, 0.4690525007959303, 0.4676015540557057, 0.4668760806855934, 0.46651334400053723, 0.46633197565800927, 0.4662412914867452, 0.46619594940111314, 0.46617327835829714, 0.46616194283688916, 0.4661562750761852, 0.46615344119583313, 0.46615202425565716, 0.4661513157855691, 0.46615096155052516, 0.46615096155052516]"
62,0.0,3.531490868787656e-07,"[0, 0.09257591423074712, 0.04628795711537356, 0.02314397855768678, 0.01157198927884339, 0.005785994639421695, 0.0028929973197108477, 0.0014464986598554238, 0.0007232493299277119, 0.00036162466496385596, 0.00018081233248192798, 9.040616624096399e-05, 4.5203083120481995e-05, 2.2601541560240997e-05, 1.1300770780120499e-05, 5.650385390060249e-06, 2.8251926950301247e-06, 1.4125963475150623e-06, 7.062981737575312e-07, 7.062981737575312e-07]","[0.6502662431286481, 0.7148133633413498, 0.6659415342120885, 0.6581038886703682, 0.6541850658995081, 0.6522256545140781, 0.651245948821363, 0.6507560959750055, 0.6505111695518268, 0.6503887063402374, 0.6503274747344427, 0.6502968589315453, 0.6502815510300968, 0.6502738970793723, 0.6502700701040103, 0.6502681566163291, 0.6502671998724886, 0.6502667215005683, 0.6502664823146082, 0.6502664823146082]"
63,0.0,3.550341170443843e-07,"[0, 0.09307006357848308, 0.04653503178924154, 0.02326751589462077, 0.011633757947310384, 0.005816878973655192, 0.002908439486827596, 0.001454219743413798, 0.000727109871706899, 0.0003635549358534495, 0.00018177746792672476, 9.088873396336238e-05, 4.544436698168119e-05, 2.2722183490840595e-05, 1.1361091745420297e-05, 5.680545872710149e-06, 2.8402729363550743e-06, 1.4201364681775372e-06, 7.100682340887686e-07, 7.100682340887686e-07]","[0.6459262407647419, 0.7047109534464715, 0.6750688393062956, 0.6604975400355189, 0.6532118904001304, 0.6495690655824362, 0.647747653173589, 0.6468369469691654, 0.6463815938669537, 0.6461539173158477, 0.6460400790402948, 0.6459831599025183, 0.6459547003336301, 0.645940470549186, 0.645933355656964, 0.645929798210853, 0.6459280194877974, 0.6459271301262697, 0.6459266854455057, 0.6459266854455057]"
64,0.0,3.6307086333666043e-07,"[0, 0.09517684839852551, 0.047588424199262756, 0.023794212099631378, 0.011897106049815689, 0.0059485530249078445, 0.0029742765124539223, 0.0014871382562269611, 0.0007435691281134806, 0.0003717845640567403, 0.00018589228202837014, 9.294614101418507e-05, 4.6473070507092535e-05, 2.3236535253546268e-05, 1.1618267626773134e-05, 5.809133813386567e-06, 2.9045669066932835e-06, 1.4522834533466417e-06, 7.261417266733209e-07, 7.261417266733209e-07]","[0.6334533612609957, 0.73930564574979, 0.6693174265593294, 0.6513853939101626, 0.6424193775855792, 0.6379363694232875, 0.6356948653421416, 0.6345741133015687, 0.6340137372812822, 0.633733549271139, 0.6335934552660674, 0.6335234082635316, 0.6334883847622637, 0.6334708730116297, 0.6334621171363127, 0.6334577391986542, 0.633455550229825, 0.6334544557454105, 0.6334539085032032, 0.6334539085032032]"
65,0.0,2.729833553003043e-07,"[0, 0.07156094869184297, 0.035780474345921486, 0.017890237172960743, 0.008945118586480371, 0.004472559293240186, 0.002236279646620093, 0.0011181398233100464, 0.0005590699116550232, 0.0002795349558275116, 0.0001397674779137558, 6.98837389568779e-05, 3.494186947843895e-05, 1.7470934739219475e-05, 8.735467369609738e-06, 4.367733684804869e-06, 2.1838668424024344e-06, 1.0919334212012172e-06, 5.459667106006086e-07, 5.459667106006086e-07]","[0.5393222807815475, 0.5811957794200678, 0.5574306419105455, 0.5455480731557844, 0.5422619091979219, 0.5407920949897348, 0.5400571878856412, 0.5396897343335944, 0.5395060075575709, 0.5394141441695592, 0.5393682124755534, 0.5393452466285504, 0.539333763705049, 0.5393280222432983, 0.5393251515124229, 0.5393237161469853, 0.5393229984642665, 0.5393226396229069, 0.5393224602022273, 0.5393224602022273]"
66,0.0,3.4651666645811527e-07,"[0, 0.09083726501199617, 0.045418632505998084, 0.022709316252999042, 0.011354658126499521, 0.0056773290632497605, 0.0028386645316248803, 0.0014193322658124401, 0.0007096661329062201, 0.00035483306645311003, 0.00017741653322655502, 8.870826661327751e-05, 4.4354133306638754e-05, 2.2177066653319377e-05, 1.1088533326659689e-05, 5.544266663329844e-06, 2.772133331664922e-06, 1.386066665832461e-06, 6.930333329162305e-07, 6.930333329162305e-07]","[0.6897142768545804, 0.7218547700809623, 0.6969921424448765, 0.6933532096497286, 0.6915337432521546, 0.6906240100533674, 0.690169143453974, 0.6899417101542772, 0.6898279935044289, 0.6897711351795047, 0.6897427060170426, 0.6897284914358115, 0.689721384145196, 0.6897178304998883, 0.6897160536772343, 0.6897151652659074, 0.689714721060244, 0.6897144989574122, 0.6897143879059964, 0.6897143879059964]"
67,0.0,3.0392448564124354e-07,"[0, 0.07967198036393815, 0.03983599018196907, 0.019917995090984537, 0.009958997545492268, 0.004979498772746134, 0.002489749386373067, 0.0012448746931865335, 0.0006224373465932668, 0.0003112186732966334, 0.0001556093366483167, 7.780466832415835e-05, 3.890233416207917e-05, 1.9451167081039587e-05, 9.725583540519793e-06, 4.862791770259897e-06, 2.4313958851299483e-06, 1.2156979425649742e-06, 6.078489712824871e-07, 6.078489712824871e-07]","[0.6394986447218494, 0.6718866256536593, 0.6521622607607666, 0.6458304527413079, 0.6426645487315786, 0.641081596726714, 0.6402901207242816, 0.6398943827230654, 0.6396965137224574, 0.6395975792221533, 0.6395481119720013, 0.6395233783469253, 0.6395110115343873, 0.6395048281281184, 0.6395017364249839, 0.6395001905734166, 0.639499417647633, 0.6394990311847412, 0.6394988379532952, 0.6394988379532952]"
68,0.0,2.601757000431135e-07,"[0, 0.06820349871210195, 0.034101749356050974, 0.017050874678025487, 0.008525437339012744, 0.004262718669506372, 0.002131359334753186, 0.001065679667376593, 0.0005328398336882965, 0.00026641991684414823, 0.00013320995842207412, 6.660497921103706e-05, 3.330248960551853e-05, 1.6651244802759265e-05, 8.325622401379632e-06, 4.162811200689816e-06, 2.081405600344908e-06, 1.040702800172454e-06, 5.20351400086227e-07, 5.20351400086227e-07]","[0.5099792376225571, 0.5329213255578628, 0.52145028159021, 0.5157147596063836, 0.5128469986144704, 0.5114131181185138, 0.5106961778705355, 0.5103377077465463, 0.5101584726845517, 0.5100688551535544, 0.5100240463880558, 0.5100016420053065, 0.5099904398139318, 0.5099848387182445, 0.5099820381704009, 0.509980637896479, 0.5099799377595181, 0.5099795876910376, 0.5099794126567974, 0.5099794126567974]"
69,0.0,3.3641542134569337e-07,"[0, 0.08818928421324544, 0.04409464210662272, 0.02204732105331136, 0.01102366052665568, 0.00551183026332784, 0.00275591513166392, 0.00137795756583196, 0.00068897878291598, 0.00034448939145799, 0.000172244695728995, 8.61223478644975e-05, 4.306117393224875e-05, 2.1530586966124375e-05, 1.0765293483062188e-05, 5.382646741531094e-06, 2.691323370765547e-06, 1.3456616853827735e-06, 6.728308426913867e-07, 6.728308426913867e-07]","[0.6513052226167918, 0.6998399151112651, 0.6655482026660768, 0.6567112354415335, 0.6533186539512933, 0.6519369012572794, 0.6516210619370356, 0.6514631422769137, 0.6513841824468527, 0.6513447025318223, 0.6513249625743072, 0.6513150925955494, 0.6513101576061706, 0.6513076901114813, 0.6513064563641365, 0.6513058394904642, 0.651305531053628, 0.6513053768352098, 0.6513052997260009, 0.6513052997260009]"
70,0.0,3.6044013310835745e-07,"[0, 0.09448721825355726, 0.04724360912677863, 0.023621804563389314, 0.011810902281694657, 0.0059054511408473285, 0.0029527255704236643, 0.0014763627852118321, 0.0007381813926059161, 0.00036909069630295803, 0.00018454534815147902, 9.227267407573951e-05, 4.6136337037869754e-05, 2.3068168518934877e-05, 1.1534084259467439e-05, 5.767042129733719e-06, 2.8835210648668596e-06, 1.4417605324334298e-06, 7.208802662167149e-07, 7.208802662167149e-07]","[0.7803850302374272, 0.8056805193500303, 0.7903312912248905, 0.7836388293406366, 0.7820119297890319, 0.7811984800132294, 0.7807917551253284, 0.7805883926813778, 0.7804867114594024, 0.7804358708484147, 0.780410450542921, 0.7803977403901741, 0.7803913853138006, 0.7803882077756139, 0.7803866190065205, 0.7803858246219739, 0.7803854274297005, 0.7803852288335639, 0.7803851295354954, 0.7803851295354954]"
71,0.0,3.5335093131345895e-07,"[0, 0.09262882653823538, 0.04631441326911769, 0.023157206634558846, 0.011578603317279423, 0.0057893016586397115, 0.0028946508293198558, 0.0014473254146599279, 0.0007236627073299639, 0.00036183135366498197, 0.00018091567683249098, 9.045783841624549e-05, 4.5228919208122746e-05, 2.2614459604061373e-05, 1.1307229802030687e-05, 5.653614901015343e-06, 2.8268074505076716e-06, 1.4134037252538358e-06, 7.067018626269179e-07, 7.067018626269179e-07]","[0.7536008004241836, 0.7667124357478203, 0.760156618086002, 0.7568787092550927, 0.7552397548396381, 0.754420277631911, 0.7540105390280473, 0.7538056697261155, 0.7537032350751495, 0.7536520177496665, 0.7536264090869251, 0.7536136047555544, 0.753607202589869, 0.7536040015070262, 0.7536024009656049, 0.7536016006948942, 0.7536012005595389, 0.7536010004918613, 0.7536009004580225, 0.7536009004580225]"
72,0.0,3.506227057121338e-07,"[0, 0.0919136385662016, 0.0459568192831008, 0.0229784096415504, 0.0114892048207752, 0.0057446024103876, 0.0028723012051938, 0.0014361506025969, 0.00071807530129845, 0.000359037650649225, 0.0001795188253246125, 8.975941266230626e-05, 4.487970633115313e-05, 2.2439853165576564e-05, 1.1219926582788282e-05, 5.609963291394141e-06, 2.8049816456970705e-06, 1.4024908228485352e-06, 7.012454114242676e-07, 7.012454114242676e-07]","[0.7304256520648239, 0.7605003496843855, 0.7454630008746048, 0.7379443264697143, 0.734184989267269, 0.7323053206660465, 0.7313654863654352, 0.7308955692151295, 0.7306606106399768, 0.7305431313524003, 0.7304843917086121, 0.7304550218867181, 0.7304403369757709, 0.7304329945202974, 0.7304293232925606, 0.7304274876786923, 0.7304265698717581, 0.730426110968291, 0.7304258815165574, 0.7304258815165574]"
73,0.0,3.552666506535749e-07,"[0, 0.04656551043446537, 0.023282755217232685, 0.011641377608616343, 0.005820688804308171, 0.0029103444021540857, 0.0014551722010770428, 0.0007275861005385214, 0.0003637930502692607, 0.00018189652513463035, 9.094826256731518e-05, 4.547413128365759e-05, 2.2737065641828794e-05, 1.1368532820914397e-05, 5.684266410457199e-06, 2.8421332052285993e-06, 1.4210666026142996e-06, 7.105333013071498e-07, 7.105333013071498e-07]","[0.3375609564419678, 0.361045499262179, 0.3436175785363512, 0.3390932144936375, 0.33832708546780266, 0.3379440209548853, 0.33775248869842656, 0.33765672257019724, 0.33760883950608256, 0.33758489797402524, 0.33757292720799653, 0.3375669418249822, 0.33756394913347504, 0.33756245278772146, 0.3375617046148447, 0.33756133052840626, 0.33756114348518707, 0.3375610499635775, 0.3375610499635775]"
74,0.0,3.50516988836645e-07,"[0, 0.09188592552159347, 0.045942962760796735, 0.022971481380398368, 0.011485740690199184, 0.005742870345099592, 0.002871435172549796, 0.001435717586274898, 0.000717858793137449, 0.0003589293965687245, 0.00017946469828436225, 8.973234914218112e-05, 4.486617457109056e-05, 2.243308728554528e-05, 1.121654364277264e-05, 5.60827182138632e-06, 2.80413591069316e-06, 1.40206795534658e-06, 7.0103397767329e-07, 7.0103397767329e-07]","[0.6590403091541527, 0.7126475882959169, 0.67524387545605, 0.6663705566657576, 0.6619338972706115, 0.6599349220060127, 0.6594876155800826, 0.6592639623671177, 0.6591521357606351, 0.659096222457394, 0.6590682658057734, 0.659054287479963, 0.6590472983170579, 0.6590438037356052, 0.6590420564448789, 0.6590411827995158, 0.6590407459768343, 0.6590405275654935, 0.6590404183598231, 0.6590404183598231]"
75,0.0,3.009563598313543e-07,"[0, 0.07889390399163054, 0.03944695199581527, 0.019723475997907636, 0.009861737998953818, 0.004930868999476909, 0.0024654344997384545, 0.0012327172498692272, 0.0006163586249346136, 0.0003081793124673068, 0.0001540896562336534, 7.70448281168267e-05, 3.852241405841335e-05, 1.9261207029206676e-05, 9.630603514603338e-06, 4.815301757301669e-06, 2.4076508786508344e-06, 1.2038254393254172e-06, 6.019127196627086e-07, 6.019127196627086e-07]","[0.539382611840263, 0.5811100380502295, 0.5553005407237028, 0.5457849010374378, 0.5425837564388505, 0.5409831841395569, 0.54018289798991, 0.5397827549150866, 0.5395826833776748, 0.5394826476089689, 0.5394326297246159, 0.5394076207824395, 0.5393951163113514, 0.5393888640758071, 0.5393857379580351, 0.539384174899149, 0.5393833933697061, 0.5393830026049845, 0.5393828072226239, 0.5393828072226239]"
76,0.0,3.5056114260214937e-07,"[0, 0.09189750016629784, 0.04594875008314892, 0.02297437504157446, 0.01148718752078723, 0.005743593760393615, 0.0028717968801968076, 0.0014358984400984038, 0.0007179492200492019, 0.00035897461002460095, 0.00017948730501230048, 8.974365250615024e-05, 4.487182625307512e-05, 2.243591312653756e-05, 1.121795656326878e-05, 5.60897828163439e-06, 2.804489140817195e-06, 1.4022445704085975e-06, 7.011222852042987e-07, 7.011222852042987e-07]","[0.7104622278085393, 0.7686538487995085, 0.7395580383040239, 0.7250101330562815, 0.7177361804324104, 0.7140992041204749, 0.7122807159645069, 0.7113714718865232, 0.7109168498475313, 0.7106895388280353, 0.7105758833182872, 0.7105190555634132, 0.7104906416859763, 0.7104764347472579, 0.7104693312778986, 0.7104657795432189, 0.710464003675879, 0.7104631157422092, 0.7104626717753743, 0.7104626717753743]"
77,0.0,0.10337542542300424,"[0, 0.0858312641050275, 0.12874689615754126, 0.10728908013128438, 0.09656017211815594, 0.10192462612472017, 0.10460685312800228, 0.10326573962636122, 0.10393629637718174, 0.10360101800177149, 0.10343337881406636, 0.1033495592202138, 0.10339146901714008, 0.10337051411867694, 0.1033809915679085, 0.10337575284329273, 0.10337313348098484, 0.10337444316213878, 0.10337509800271576, 0.10337575284329273]","[0.7025420213449446, 0.6943404787254448, 0.7099014886025641, 0.6943404787254447, 0.6943404787254448, 0.6943404787254448, 0.6943404787254447, 0.6943404787254448, 0.6943404787254447, 0.6943404787254447, 0.6943404787254447, 0.6943404787254448, 0.6943404787254446, 0.6943404787254448, 0.6943404787254447, 0.6943404787254447, 0.6943404787254448, 0.6943404787254448, 0.6943404787254448, 0.6943404787254447]"
78,0.0,3.3663129833033127e-07,"[0, 0.08824587506950636, 0.04412293753475318, 0.02206146876737659, 0.011030734383688295, 0.0055153671918441475, 0.0027576835959220738, 0.0013788417979610369, 0.0006894208989805184, 0.0003447104494902592, 0.0001723552247451296, 8.61776123725648e-05, 4.30888061862824e-05, 2.15444030931412e-05, 1.07722015465706e-05, 5.3861007732853e-06, 2.69305038664265e-06, 1.346525193321325e-06, 6.732625966606625e-07, 6.732625966606625e-07]","[0.6672144402633494, 0.7079816676182847, 0.6806082698558147, 0.6739113550595821, 0.6705628976614658, 0.6688886689624076, 0.6680515546128785, 0.667632997438114, 0.6674237188507317, 0.6673190795570405, 0.667266759910195, 0.6672406000867722, 0.6672275201750609, 0.6672209802192051, 0.6672177102412773, 0.6672160752523134, 0.6672152577578314, 0.6672148490105904, 0.66721464463697, 0.66721464463697]"
79,0.0,3.0551648680477644e-07,"[0, 0.08008931391695132, 0.04004465695847566, 0.02002232847923783, 0.010011164239618914, 0.005005582119809457, 0.0025027910599047286, 0.0012513955299523643, 0.0006256977649761822, 0.0003128488824880911, 0.00015642444124404554, 7.821222062202277e-05, 3.9106110311011385e-05, 1.9553055155505692e-05, 9.776527577752846e-06, 4.888263788876423e-06, 2.4441318944382115e-06, 1.2220659472191058e-06, 6.110329736095529e-07, 6.110329736095529e-07]","[0.5583537659723482, 0.6272547643418586, 0.5827451623328135, 0.567945805185777, 0.5617517978377511, 0.5600527819050496, 0.559203273938699, 0.5587785199555235, 0.5585661429639359, 0.558459954468142, 0.5584068602202451, 0.5583803130962967, 0.5583670395343224, 0.5583604027533353, 0.5583570843628418, 0.5583554251675951, 0.5583545955699716, 0.55835418077116, 0.5583539733717541, 0.5583539733717541]"
80,0.0,4.567296450472946e-07,"[0, 0.059864468035638996, 0.029932234017819498, 0.014966117008909749, 0.0074830585044548745, 0.0037415292522274372, 0.0018707646261137186, 0.0009353823130568593, 0.00046769115652842965, 0.00023384557826421483, 0.00011692278913210741, 5.846139456605371e-05, 2.9230697283026853e-05, 1.4615348641513427e-05, 7.307674320756713e-06, 3.6538371603783567e-06, 1.8269185801891783e-06, 9.134592900945892e-07, 9.134592900945892e-07]","[0.4819834465448475, 0.48997227750472955, 0.4856078965537274, 0.4837956715492873, 0.48288955904706743, 0.4824365027959574, 0.4822099746704024, 0.48209671060762493, 0.4820400785762362, 0.4820117625605418, 0.4819976045526946, 0.481990525548771, 0.48198698604680923, 0.48198521629582836, 0.4819843314203379, 0.4819838889825927, 0.48198366776372, 0.48198355715428376, 0.48198355715428376]"
81,0.0,4.1919342309042597e-07,"[0, 0.05494452035130831, 0.027472260175654156, 0.013736130087827078, 0.006868065043913539, 0.0034340325219567695, 0.0017170162609783848, 0.0008585081304891924, 0.0004292540652445962, 0.0002146270326222981, 0.00010731351631114905, 5.3656758155574524e-05, 2.6828379077787262e-05, 1.3414189538893631e-05, 6.7070947694468155e-06, 3.3535473847234077e-06, 1.6767736923617039e-06, 8.383868461808519e-07, 8.383868461808519e-07]","[0.37602789467798714, 0.4121541541163969, 0.38593814530172293, 0.37789325791821865, 0.37696057629810287, 0.376494235488045, 0.37626106508301604, 0.37614447988050154, 0.37608618727924426, 0.3760570409786157, 0.3760424678283014, 0.3760351812531442, 0.37603153796556565, 0.3760297163217764, 0.37602880549988177, 0.3760283500889344, 0.37602812238346073, 0.37602800853072393, 0.37602800853072393]"
82,0.0,3.6627997896504994e-07,"[0, 0.09601809880581405, 0.048009049402907025, 0.024004524701453513, 0.012002262350726756, 0.006001131175363378, 0.003000565587681689, 0.0015002827938408445, 0.0007501413969204223, 0.00037507069846021113, 0.00018753534923010557, 9.376767461505278e-05, 4.688383730752639e-05, 2.3441918653763196e-05, 1.1720959326881598e-05, 5.860479663440799e-06, 2.9302398317203995e-06, 1.4651199158601997e-06, 7.325599579300999e-07, 7.325599579300999e-07]","[0.7774608632049526, 0.8084382373403073, 0.7929495502726299, 0.7852052067387912, 0.7813330349718719, 0.7793969490884123, 0.7784289061466824, 0.7779448846758175, 0.777702873940385, 0.7775818685726689, 0.7775213658888107, 0.7774911145468817, 0.7774759888759172, 0.7774684260404349, 0.7774646446226937, 0.7774627539138232, 0.7774618085593878, 0.7774613358821703, 0.7774610995435614, 0.7774610995435614]"
83,0.0,3.083062443432947e-07,"[0, 0.08082063211712864, 0.04041031605856432, 0.02020515802928216, 0.01010257901464108, 0.00505128950732054, 0.00252564475366027, 0.001262822376830135, 0.0006314111884150675, 0.00031570559420753376, 0.00015785279710376688, 7.892639855188344e-05, 3.946319927594172e-05, 1.973159963797086e-05, 9.86579981898543e-06, 4.932899909492715e-06, 2.4664499547463575e-06, 1.2332249773731788e-06, 6.166124886865894e-07, 6.166124886865894e-07]","[0.6679041422016521, 0.6908171027445642, 0.6793606224731081, 0.67363238233738, 0.6707682622695161, 0.6693362022355841, 0.6686201722186181, 0.6682621572101352, 0.6680831497058937, 0.6679936459537729, 0.6679488940777125, 0.6679265181396823, 0.6679153301706672, 0.6679097361861597, 0.667906939193906, 0.667905540697779, 0.6679048414497156, 0.6679044918256838, 0.667904317013668, 0.667904317013668]"
84,0.0,2.868663788803058e-07,"[0, 0.07520030002519888, 0.03760015001259944, 0.01880007500629972, 0.00940003750314986, 0.00470001875157493, 0.002350009375787465, 0.0011750046878937325, 0.0005875023439468663, 0.00029375117197343313, 0.00014687558598671657, 7.343779299335828e-05, 3.671889649667914e-05, 1.835944824833957e-05, 9.179724124169785e-06, 4.589862062084893e-06, 2.2949310310424464e-06, 1.1474655155212232e-06, 5.737327577606116e-07, 5.737327577606116e-07]","[0.5662643690579006, 0.6027702105467361, 0.5811508710111634, 0.573707620034532, 0.5699859945462162, 0.5681251818020584, 0.5671947754299794, 0.56672957224394, 0.5664969706509202, 0.5663806698544104, 0.5663225194561554, 0.5662934442570281, 0.5662789066574643, 0.5662716378576824, 0.5662680034577914, 0.566266186257846, 0.5662652776578733, 0.566264823357887, 0.5662645962078937, 0.5662645962078937]"
85,0.0,3.3344852464690236e-07,"[0, 0.08741153004503757, 0.043705765022518786, 0.021852882511259393, 0.010926441255629697, 0.005463220627814848, 0.002731610313907424, 0.001365805156953712, 0.000682902578476856, 0.000341451289238428, 0.000170725644619214, 8.5362822309607e-05, 4.26814111548035e-05, 2.134070557740175e-05, 1.0670352788700875e-05, 5.335176394350438e-06, 2.667588197175219e-06, 1.3337940985876094e-06, 6.668970492938047e-07, 6.668970492938047e-07]","[0.6892995599013645, 0.7091238711368661, 0.695336355823582, 0.6923179578624733, 0.6908087588819188, 0.6900541593916417, 0.689676859646503, 0.6894882097739337, 0.6893938848376492, 0.6893467223695068, 0.6893231411354357, 0.6893113505184001, 0.6893054552098823, 0.6893025075556234, 0.6893010337284939, 0.6893002968149291, 0.6892999283581469, 0.6892997441297557, 0.6892996520155601, 0.6892996520155601]"
86,0.0,3.0222696077697656e-07,"[0, 0.07922698440591974, 0.03961349220295987, 0.019806746101479936, 0.009903373050739968, 0.004951686525369984, 0.002475843262684992, 0.001237921631342496, 0.000618960815671248, 0.000309480407835624, 0.000154740203917812, 7.7370101958906e-05, 3.8685050979453e-05, 1.93425254897265e-05, 9.67126274486325e-06, 4.835631372431625e-06, 2.4178156862158125e-06, 1.2089078431079062e-06, 6.044539215539531e-07, 6.044539215539531e-07]","[0.6353074222646182, 0.6538604260324736, 0.6415394384739337, 0.6374340332611809, 0.6363707277628996, 0.6358390750137589, 0.6355732486391885, 0.6354403354519034, 0.6353738788582608, 0.6353406505614395, 0.6353240364130288, 0.6353157293388234, 0.6353115758017208, 0.6353094990331695, 0.6353084606488938, 0.635307941456756, 0.6353076818606871, 0.6353075520626525, 0.6353074871636354, 0.6353074871636354]"
87,0.0,0.045145354825695774,"[0, 0.08065276788378499, 0.040326383941892495, 0.06048957591283874, 0.05040797992736562, 0.04536718193462906, 0.042846782938260775, 0.04410698243644492, 0.044737082185536986, 0.045052132060083024, 0.045209656997356046, 0.04513089452871953, 0.04517027576303779, 0.04515058514587866, 0.0451407398372991, 0.045145662491588884, 0.045143201164443994, 0.04514443182801644, 0.045145047159802665, 0.045145662491588884]","[0.6397066964662055, 0.6447044649917166, 0.6397066964662055, 0.6413737094876941, 0.6397083317356826, 0.6397066964662054, 0.6397066964662055, 0.6397066964662054, 0.6397066964662055, 0.6397066964662055, 0.6397066964662054, 0.6397066964662055, 0.6397066964662054, 0.6397066964662054, 0.6397066964662055, 0.6397066964662054, 0.6397066964662055, 0.6397066964662055, 0.6397066964662055, 0.6397066964662054]"
88,0.0,4.910358310478127e-07,"[0, 0.0643610484470989, 0.03218052422354945, 0.016090262111774726, 0.008045131055887363, 0.0040225655279436815, 0.0020112827639718407, 0.0010056413819859204, 0.0005028206909929602, 0.0002514103454964801, 0.00012570517274824005, 6.285258637412002e-05, 3.142629318706001e-05, 1.5713146593530006e-05, 7.856573296765003e-06, 3.9282866483825014e-06, 1.9641433241912507e-06, 9.820716620956254e-07, 9.820716620956254e-07]","[0.4396942650114388, 0.4955302942059874, 0.4676122796087131, 0.453653272310076, 0.44667376866075736, 0.44318401683609815, 0.44143914092376846, 0.4405667029676037, 0.44013048398952126, 0.43991237450048004, 0.43980331975595943, 0.4397487923836991, 0.439721528697569, 0.43970789685450395, 0.43970108093297133, 0.4396976729722051, 0.43969596899182195, 0.43969511700163044, 0.43969511700163044]"
89,0.0,3.7905847198484756e-07,"[0, 0.09936790407999588, 0.04968395203999794, 0.02484197601999897, 0.012420988009999485, 0.006210494004999742, 0.003105247002499871, 0.0015526235012499356, 0.0007763117506249678, 0.0003881558753124839, 0.00019407793765624195, 9.703896882812097e-05, 4.851948441406049e-05, 2.4259742207030244e-05, 1.2129871103515122e-05, 6.064935551757561e-06, 3.0324677758787805e-06, 1.5162338879393902e-06, 7.581169439696951e-07, 7.581169439696951e-07]","[0.6926367749002211, 0.761771107282513, 0.727203941091367, 0.709920357995794, 0.7012785664480077, 0.6969576706741144, 0.6947972227871677, 0.6937169988436944, 0.6931768868719577, 0.6929068308860895, 0.6927718028931553, 0.6927042888966882, 0.6926705318984547, 0.6926536533993378, 0.6926452141497794, 0.6926409945250003, 0.6926388847126108, 0.692637829806416, 0.6926373023533186, 0.6926373023533186]"
90,0.0,3.244570853313935e-07,"[0, 0.08505447817711281, 0.04252723908855641, 0.021263619544278203, 0.010631809772139102, 0.005315904886069551, 0.0026579524430347754, 0.0013289762215173877, 0.0006644881107586939, 0.0003322440553793469, 0.00016612202768967346, 8.306101384483673e-05, 4.1530506922418366e-05, 2.0765253461209183e-05, 1.0382626730604591e-05, 5.191313365302296e-06, 2.595656682651148e-06, 1.297828341325574e-06, 6.48914170662787e-07, 6.48914170662787e-07]","[0.6406449025471112, 0.6852593342234706, 0.6606831903985868, 0.648395118486145, 0.6439881619185814, 0.6423165322328465, 0.6414807173899788, 0.6410628099685449, 0.6408538562578281, 0.6407493794024697, 0.6406971409747904, 0.6406710217609508, 0.6406579621540309, 0.640651432350571, 0.6406481674488411, 0.6406465349979762, 0.6406457187725436, 0.6406453106598274, 0.6406451066034693, 0.6406451066034693]"
91,0.0,3.5235612397687355e-07,"[0, 0.09236804376379354, 0.04618402188189677, 0.023092010940948385, 0.011546005470474192, 0.005773002735237096, 0.002886501367618548, 0.001443250683809274, 0.000721625341904637, 0.0003608126709523185, 0.00018040633547615926, 9.020316773807963e-05, 4.5101583869039814e-05, 2.2550791934519907e-05, 1.1275395967259954e-05, 5.637697983629977e-06, 2.8188489918149884e-06, 1.4094244959074942e-06, 7.047122479537471e-07, 7.047122479537471e-07]","[0.7444865687539511, 0.7867602464556327, 0.760966916250247, 0.7503603230689169, 0.747423445911434, 0.7459550073326926, 0.7452207880433219, 0.7448536783986366, 0.7446701235762939, 0.7445783461651225, 0.7445324574595369, 0.7445095131067441, 0.7444980409303477, 0.7444923048421493, 0.7444894367980504, 0.7444880027760008, 0.7444872857649759, 0.7444869272594635, 0.7444867480067073, 0.7444867480067073]"
92,0.0,3.482076482908484e-07,"[0, 0.09128054575355617, 0.04564027287677808, 0.02282013643838904, 0.01141006821919452, 0.00570503410959726, 0.00285251705479863, 0.001426258527399315, 0.0007131292636996576, 0.0003565646318498288, 0.0001782823159249144, 8.91411579624572e-05, 4.45705789812286e-05, 2.22852894906143e-05, 1.114264474530715e-05, 5.571322372653575e-06, 2.7856611863267873e-06, 1.3928305931633937e-06, 6.964152965816968e-07, 6.964152965816968e-07]","[0.6208151365880067, 0.6663688857483369, 0.6409572594563295, 0.6308861980221682, 0.6258506673050874, 0.623332901946547, 0.6220740192672769, 0.6214445779276419, 0.6211298572578243, 0.6209724969229156, 0.6208938167554612, 0.6208544766717339, 0.6208348066298703, 0.6208249716089385, 0.6208200540984726, 0.6208175953432397, 0.6208163659656232, 0.620815751276815, 0.6208154439324108, 0.6208154439324108]"
93,0.0,3.0088716832710177e-07,"[0, 0.07887576585393977, 0.03943788292696988, 0.01971894146348494, 0.00985947073174247, 0.004929735365871235, 0.0024648676829356177, 0.0012324338414678089, 0.0006162169207339044, 0.0003081084603669522, 0.0001540542301834761, 7.702711509173805e-05, 3.851355754586903e-05, 1.9256778772934513e-05, 9.628389386467257e-06, 4.814194693233628e-06, 2.407097346616814e-06, 1.203548673308407e-06, 6.017743366542035e-07, 6.017743366542035e-07]","[0.517993851887793, 0.5832941122420805, 0.5347387452549922, 0.5263662985713926, 0.5221800752295929, 0.520086963558693, 0.5190404077232431, 0.518517129805518, 0.5182554908466556, 0.5181246713672243, 0.5180592616275086, 0.518026556757651, 0.5180102043227219, 0.5180020281052575, 0.5179979399965253, 0.5179958959421592, 0.5179948739149761, 0.5179943629013846, 0.5179941073945888, 0.5179941073945888]"
94,0.0,3.0145990055118764e-07,"[0, 0.07902590417009053, 0.039512952085045266, 0.019756476042522633, 0.009878238021261317, 0.004939119010630658, 0.002469559505315329, 0.0012347797526576646, 0.0006173898763288323, 0.00030869493816441614, 0.00015434746908220807, 7.717373454110404e-05, 3.858686727055202e-05, 1.929343363527601e-05, 9.646716817638005e-06, 4.823358408819002e-06, 2.411679204409501e-06, 1.2058396022047506e-06, 6.029198011023753e-07, 6.029198011023753e-07]","[0.6330622102055665, 0.6691950766161158, 0.6473957798541751, 0.6389402976866488, 0.6360012539461076, 0.634531732075837, 0.6337969711407019, 0.6334295906731341, 0.6332459004393503, 0.6331540553224584, 0.6331081327640126, 0.6330851714847895, 0.633073690845178, 0.6330679505253722, 0.6330650803654695, 0.6330636452855181, 0.6330629277455423, 0.6330625689755545, 0.6330623895905604, 0.6330623895905604]"
95,0.0,3.584764614278975e-07,"[0, 0.09397245350455476, 0.04698622675227738, 0.02349311337613869, 0.011746556688069345, 0.005873278344034672, 0.002936639172017336, 0.001468319586008668, 0.000734159793004334, 0.000367079896502167, 0.0001835399482510835, 9.176997412554175e-05, 4.588498706277088e-05, 2.294249353138544e-05, 1.147124676569272e-05, 5.73562338284636e-06, 2.86781169142318e-06, 1.43390584571159e-06, 7.16952922855795e-07, 7.16952922855795e-07]","[0.6822823466551922, 0.7430136886102159, 0.7097640427243159, 0.6960231946897539, 0.6891527706724732, 0.6857175586638327, 0.6839999526595124, 0.6831411496573523, 0.6827117481562722, 0.6824970474057321, 0.6823896970304622, 0.6823360218428272, 0.6823091842490097, 0.6822957654521009, 0.6822890560536465, 0.6822857013544193, 0.6822840240048058, 0.682283185329999, 0.6822827659925956, 0.6822827659925956]"
96,0.0,2.786847571631707e-07,"[0, 0.07305553698178222, 0.03652776849089111, 0.018263884245445554, 0.009131942122722777, 0.0045659710613613885, 0.0022829855306806942, 0.0011414927653403471, 0.0005707463826701736, 0.0002853731913350868, 0.0001426865956675434, 7.13432978337717e-05, 3.567164891688585e-05, 1.7835824458442924e-05, 8.917912229221462e-06, 4.458956114610731e-06, 2.2294780573053655e-06, 1.1147390286526827e-06, 5.573695143263414e-07, 5.573695143263414e-07]","[0.5815540602792773, 0.6143514728712453, 0.5969701707712485, 0.58827951972125, 0.583934194196251, 0.58268987845244, 0.5821219693658586, 0.5818380148225679, 0.5816960375509226, 0.5816250489150999, 0.5815895545971885, 0.5815718074382329, 0.581562933858755, 0.5815584970690162, 0.5815562786741467, 0.581555169476712, 0.5815546148779945, 0.581554337578636, 0.5815541989289565, 0.5815541989289565]"
97,0.0,3.554985577640039e-07,"[0, 0.09319181392648704, 0.04659590696324352, 0.02329795348162176, 0.01164897674081088, 0.00582448837040544, 0.00291224418520272, 0.00145612209260136, 0.00072806104630068, 0.00036403052315034, 0.00018201526157517, 9.1007630787585e-05, 4.55038153937925e-05, 2.275190769689625e-05, 1.1375953848448125e-05, 5.687976924224062e-06, 2.843988462112031e-06, 1.4219942310560156e-06, 7.109971155280078e-07, 7.109971155280078e-07]","[0.7655140156408617, 0.798598999079666, 0.7771179009056955, 0.7713159582732787, 0.7684149869570702, 0.7669645012989661, 0.7662392584699139, 0.7658766370553878, 0.7656953263481248, 0.7656046709944933, 0.7655593433176775, 0.7655366794792697, 0.7655253475600658, 0.7655196816004637, 0.7655168486206627, 0.7655154321307622, 0.765514723885812, 0.765514369763337, 0.7655141927020993, 0.7655141927020993]"
98,0.0,3.186497910638942e-07,"[0, 0.08353213082865348, 0.04176606541432674, 0.02088303270716337, 0.010441516353581684, 0.005220758176790842, 0.002610379088395421, 0.0013051895441977106, 0.0006525947720988553, 0.00032629738604942764, 0.00016314869302471382, 8.157434651235691e-05, 4.0787173256178455e-05, 2.0393586628089227e-05, 1.0196793314044614e-05, 5.098396657022307e-06, 2.5491983285111534e-06, 1.2745991642555767e-06, 6.372995821277884e-07, 6.372995821277884e-07]","[0.6277470136105845, 0.6883496598453314, 0.6534090973333502, 0.6395113818557222, 0.6325625241169082, 0.6291955263737751, 0.6284712699921797, 0.6281091418013821, 0.6279280777059834, 0.6278375456582839, 0.6277922796344342, 0.6277696466225093, 0.6277583301165469, 0.6277526718635658, 0.6277498427370751, 0.6277484281738298, 0.6277477208922071, 0.6277473672513958, 0.6277471904309901, 0.6277471904309901]"
99,0.0,2.732123350912472e-07,"[0, 0.0716209743701599, 0.03581048718507995, 0.017905243592539977, 0.008952621796269988, 0.004476310898134994, 0.002238155449067497, 0.0011190777245337485, 0.0005595388622668743, 0.00027976943113343714, 0.00013988471556671857, 6.994235778335928e-05, 3.497117889167964e-05, 1.748558944583982e-05, 8.74279472291991e-06, 4.371397361459955e-06, 2.1856986807299776e-06, 1.0928493403649888e-06, 5.464246701824944e-07, 5.464246701824944e-07]","[0.537729512568375, 0.582081235335292, 0.5599053739518335, 0.5488174432601041, 0.5432734779142396, 0.5405014952413073, 0.5391155039048412, 0.538422508236608, 0.5380760104024914, 0.5379027614854333, 0.5378161370269041, 0.5377728247976394, 0.5377511686830072, 0.5377403406256911, 0.537734926597033, 0.537732219582704, 0.5377308660755395, 0.5377301893219573, 0.537729850945166, 0.537729850945166]"
100,0.0,2.97196901691016e-07,"[0, 0.0779083845968897, 0.03895419229844485, 0.019477096149222425, 0.009738548074611213, 0.004869274037305606, 0.002434637018652803, 0.0012173185093264016, 0.0006086592546632008, 0.0003043296273316004, 0.0001521648136658002, 7.60824068329001e-05, 3.804120341645005e-05, 1.9020601708225025e-05, 9.510300854112512e-06, 4.755150427056256e-06, 2.377575213528128e-06, 1.188787606764064e-06, 5.94393803382032e-07, 5.94393803382032e-07]","[0.5818520131397866, 0.5950908452328658, 0.586414133244111, 0.5841330731919487, 0.5829925431658678, 0.5824222781528272, 0.5821371456463069, 0.5819945793930468, 0.5819232962664167, 0.5818876547031017, 0.5818698339214442, 0.5818609235306154, 0.5818564683352011, 0.5818542407374938, 0.5818531269386402, 0.5818525700392135, 0.5818522915895001, 0.5818521523646434, 0.581852082752215, 0.581852082752215]"
